Gene,Start,End,Strand
3'ETS-leuZ,1991748,1991814,-
C0293,1196711,1196782,+
aaaD,581354,581662,+
aaaE,1204401,1205537,+
aaeA,3388194,3389126,-
aaeB,3386221,3388188,-
aaeR,3389520,3390449,+
aaeX,3389134,3389337,-
aas,2973855,2976014,-
aat,926728,927432,-
abgA,1403255,1404565,-
abgB,1401810,1403255,-
abgR,1404741,1405649,+
abgT,1400247,1401773,-
abpA,2763537,2765153,-
abpB,2761351,2763540,-
abrB,746723,747769,-
accA,208621,209580,+
accB,3405436,3405906,+
accC,3405917,3407266,+
accD,2433012,2433926,-
aceA,4217109,4218413,+
aceB,4215478,4217079,+
aceE,123017,125680,+
aceF,125695,127587,+
aceK,4218596,4220332,+
aceK-int,4218879,4218963,+
ackA,2413470,2414672,+
acnA,1335831,1338506,+
acnB,131615,134212,+
acpH,424337,424918,-
acpP,1151615,1151851,+
acpS,2700618,2700998,-
acpT,3612969,3613556,+
acrA,484426,485619,-
acrB,481254,484403,-
acrD,2587595,2590708,+
acrE,3413864,3415021,+
acrF,3415033,3418137,+
acrR,485761,486408,+
acrZ,794773,794922,+
acs,4285413,4287371,-
actP,4283253,4284902,-
actS,2999136,2999891,-
ada,2309341,2310405,-
add,1702233,1703234,+
adeD,3843964,3845730,+
adeP,3895272,3896609,-
adeQ,3842455,3843789,-
adhE,1295446,1298121,-
adhP,1552828,1553838,-
adiA,4338254,4340521,-
adiC,4335694,4337031,-
adiY,4337168,4337929,-
adk,497175,497819,+
aegA,2583546,2585525,-
aer,3217556,3219076,-
aes,499014,499973,-
afuB,278814,279162,-
afuC,277756,278802,-
agaA,3281122,3281625,+
agaB,3284170,3284646,+
agaC,3284685,3285488,+
agaD,3285478,3286269,+
agaI,3286270,3287025,+
agaR,3277856,3278665,-
agaS,3281976,3283130,+
agaV,3280217,3280690,+
agaW,3280701,3281102,+
agp,1065585,1066826,+
agrA,3648063,3648144,+
agrB,3648294,3648375,+
ahpC,638945,639508,+
ahpF,639753,641318,+
ahr,4495190,4496209,-
aidB,4414275,4415900,+
ais,2365018,2365620,-
alaA,2407561,2408778,+
alaC,2497057,2498295,-
alaE,2799164,2799613,+
alaS,2819381,2822011,-
alaT,4037260,4037335,+
alaU,3426958,3427033,-
alaV,225500,225575,+
alaW,2518156,2518231,-
alaX,2518041,2518116,-
aldA,1488232,1489671,+
aldB,3754973,3756511,-
alkA,2146692,2147540,-
alkB,2308691,2309341,-
allA,532451,532933,+
allB,539147,540508,+
allC,544057,545292,-
allD,545314,546363,-
allE,543261,544046,-
allR,533011,533826,+
allS,531295,532221,-
allZ,533629,533863,+
alpA,2758644,2758856,+
alr,4265782,4266861,+
alsA,4309448,4310980,-
alsB,4311107,4312042,-
alsC,4308489,4309469,-
alsE,4307783,4308478,-
alsK,4306870,4307799,-
alsR,4312101,4312991,-
alx,3238580,3239545,+
amiA,2552352,2553221,+
amiB,4396065,4397402,+
amiC,2947757,2949010,-
amiD,904913,905743,+
amn,2055061,2056515,+
ampC,4377811,4378944,-
ampD,118733,119284,+
ampE,119281,120135,+
ampG,452070,453545,-
ampH,395130,396287,-
amtB,472966,474252,+
amyA,2006156,2007643,+
anmK,1718493,1719602,-
ansA,1850860,1851876,+
ansB,3099682,3100728,-
ansP,1524481,1525980,-
apaG,51229,51606,-
apaH,50380,51222,-
aphA,4269414,4270127,+
appA,1040617,1041915,+
appB,1039296,1040432,+
appC,1037740,1039284,+
appX,1040445,1040537,+
appY,583681,584430,+
apt,491412,491963,+
aqpZ,915352,916047,-
araA,66835,68337,-
araB,68348,70048,-
araC,70387,71265,+
araD,65855,66550,-
araE,2980764,2982182,-
araF,1985139,1986128,-
araG,1983555,1985069,-
araH,1982554,1983540,-
araJ,411297,412481,-
arcA,4639590,4640306,-
arcB,3350689,3353025,-
arcZ,3350577,3350697,+
arfA,3438431,3438649,-
arfB,214833,215255,+
argA,2949242,2950573,+
argB,4156013,4156789,+
argC,4155001,4156005,+
argD,3488960,3490180,-
argE,4153696,4154847,-
argF,289301,290305,-
argG,3318637,3319980,+
argH,4156850,4158223,+
argI,4477307,4478311,-
argK,3062987,3063982,+
argL,290275,290370,-
argO,3068173,3068808,-
argP,3059753,3060646,+
argQ,2817784,2817860,-
argR,3384703,3385173,+
argS,1960062,1961795,+
argT,2427009,2427791,-
argU,564723,564799,+
argV,2818473,2818549,-
argW,2466309,2466383,+
argX,3982375,3982451,+
argY,2818198,2818274,-
argZ,2818059,2818135,-
ariR,1216369,1216635,+
arnA,2368039,2370021,+
arnB,2365910,2367067,+
arnC,2367071,2368039,+
arnD,2370018,2370908,+
arnE,2372557,2372892,+
arnF,2372892,2373278,+
arnT,2370908,2372560,+
aroA,958812,960095,+
aroB,3517398,3518486,-
aroC,2446388,2447473,-
aroD,1774686,1775444,+
aroE,3430020,3430838,-
aroF,2740080,2741150,-
aroG,785633,786685,+
aroH,1788435,1789481,+
aroK,3518543,3519064,-
aroL,406405,406929,+
aroM,407428,408105,+
aroP,120178,121551,-
arpA,4220301,4222487,-
arpB,1803094,1804993,+
arrS,3657985,3658054,-
arsB,3648935,3650224,+
arsC,3650237,3650662,+
arsR,3648528,3648881,+
artI,902257,902988,-
artJ,899844,900575,-
artM,900866,901534,-
artP,903006,903734,-
artQ,901534,902250,-
ascB,2840990,2842414,+
ascF,2839524,2840981,+
ascG,2838254,2839264,-
asd,3573775,3574878,-
aslA,3984352,3986007,-
aslB,3982958,3984193,+
asmA,2139759,2141612,-
asnA,3927155,3928147,+
asnB,697513,699177,-
asnC,3926545,3927003,-
asnS,987585,988985,-
asnT,2044549,2044624,+
asnU,2059851,2059926,+
asnV,2062260,2062335,+
asnW,2058027,2058102,-
aspA,4366891,4368327,-
aspC,984519,985709,-
aspS,1948750,1950522,-
aspT,3946872,3946948,+
aspU,228928,229004,+
aspV,236931,237007,+
aspX,4366839,4366951,-
asr,1671376,1671684,+
astA,1829731,1830765,-
astB,1826916,1828259,-
astC,1830762,1831982,-
astD,1828256,1829734,-
astE,1825955,1826923,-
atoA,2324109,2324759,+
atoB,2326109,2327293,+
atoC,2321866,2323251,+
atoD,2323447,2324109,+
atoE,2324756,2326078,+
atoS,2320043,2321869,+
atpA,3918316,3919857,-
atpB,3921236,3922051,-
atpC,3915553,3915972,-
atpD,3915993,3917375,-
atpE,3920950,3921189,-
atpF,3920418,3920888,-
atpG,3917402,3918265,-
atpH,3919870,3920403,-
atpI,3922060,3922440,-
avtA,3739705,3740958,+
azoR,1482255,1482860,-
azuC,1987873,1987959,-
bacA,3203310,3204131,-
baeR,2164276,2164998,+
baeS,2162876,2164279,+
bamA,197928,200360,+
bamB,2637474,2638652,-
bamC,2597831,2598865,-
bamD,2736146,2736883,+
bamE,2753605,2753946,+
barA,2915057,2917813,+
basR,4333282,4333950,-
basS,4332181,4333272,-
bax,3736353,3737177,-
baxL,3737177,3737203,-
bcp,2600478,2600948,+
bcr,2278570,2279760,-
bcsA,3692618,3695236,-
bcsB,3690268,3692607,-
bcsC,3685700,3689173,-
bcsE,3696458,3698029,+
bcsF,3698026,3698217,+
bcsG,3698214,3699893,+
bcsQ,3695233,3695985,-
bcsZ,3689155,3690261,-
bdcA,4473340,4474053,-
bdcR,4474124,4474717,+
bdm,1556065,1556280,-
beeE,1205731,1206204,+
bepA,2616094,2617557,+
betA,325577,327247,-
betB,327261,328733,-
betI,328747,329334,-
betT,329463,331496,+
bfd,3466797,3466991,-
bfr,3466249,3466725,-
bglA,3043662,3045101,+
bglB,3902289,3903701,-
bglF,3903720,3905597,-
bglG,3905731,3906567,-
bglH,3900604,3902220,-
bglJ,4604160,4604837,+
bglX,2219692,2221989,-
bhsA,1169073,1169330,+
bhsB,1169303,1169402,+
bidA,1666524,1667219,-
bioA,807968,809257,-
bioB,809344,810384,+
bioC,811522,812277,+
bioD,812270,812947,+
bioF,810381,811535,+
bioH,3544074,3544844,-
bioP,4011076,4011975,+
bipA,4058407,4060230,+
birA,4173082,4174047,+
bisC,3714061,3716394,-
blc,4377189,4377722,-
blr,1704551,1704676,+
bluF,1214264,1215475,-
bluR,1213328,1214059,-
bolA,454472,454789,+
borD,578600,578893,-
brnQ,419591,420910,+
bsmA,4416441,4416770,-
bssR,878248,878631,+
bssS,1120701,1120955,-
btsR,2212243,2212962,-
btsS,2212959,2214644,-
btsT,4589129,4591279,-
btuB,4163639,4165483,+
btuC,1794172,1795152,-
btuD,1792809,1793558,-
btuE,1793558,1794109,-
btuF,177662,178462,-
btuR,1327767,1328357,-
cadA,4356470,4358617,-
cadB,4358697,4360031,-
cadC,4360396,4361934,-
caiA,39244,40386,-
caiB,37898,39115,-
caiC,36271,37824,-
caiD,35377,36162,-
caiE,34781,35371,-
caiF,34300,34695,+
caiT,40417,41931,-
can,142008,142670,-
carA,29651,30799,+
carB,30817,34038,+
cas1,2878855,2879772,-
cas2,2878569,2878853,-
cas3,2884553,2887219,-
casA,2882630,2884138,-
casB,2882155,2882637,-
casC,2881051,2882142,-
casD,2880374,2881048,-
casE,2879788,2880387,-
cbeA,2077112,2077480,+
cbl,2059964,2060914,-
cbpA,1062855,1063775,-
cbpM,1062550,1062855,-
cbrA,3869377,3870441,+
cbrB,3897506,3897973,+
cbrC,3898022,3898609,+
cbtA,2077569,2077943,+
cca,3201891,3203129,+
ccmA,2297021,2297644,-
ccmB,2296362,2297024,-
ccmC,2295583,2296320,-
ccmD,2295377,2295586,-
ccmE,2294901,2295380,-
ccmF,2292961,2294904,-
ccmG,2292407,2292964,-
ccmH,2291358,2292410,-
ccp,3667791,3669188,-
cdaR,182463,183620,+
cdd,2231844,2232728,+
cdgI,1870385,1871860,+
cdh,4109930,4110685,+
cdsA,195677,196534,+
cecR,829972,830643,-
cedA,1813421,1813663,-
cfa,1741413,1742561,+
chaA,1270749,1271849,-
chaB,1272119,1272349,+
chaC,1272507,1273202,+
chbA,1819455,1819805,-
chbB,1821299,1821619,-
chbC,1819856,1821214,-
chbF,1817148,1818500,-
chbG,1816386,1817135,-
chbR,1818605,1819447,-
cheA,1973360,1975324,-
cheB,1967452,1968501,-
cheR,1968504,1969364,-
cheW,1972836,1973339,-
cheY,1967048,1967437,-
cheZ,1966393,1967037,-
chiA,3467160,3469853,-
chiP,708334,709740,+
chiQ,709790,710116,+
chiX,507204,507287,+
chiZ,708236,708333,+
cho,1823515,1824402,+
chpB,4448692,4449042,+
chpS,4448447,4448698,+
cirA,2244778,2246769,-
citC,650798,651856,-
citD,650487,650783,-
citE,649582,650490,-
citF,648039,649571,-
citG,646631,647509,-
citT,645117,646580,-
citX,647484,648035,-
clcA,175107,176528,+
clcB,1665315,1666571,+
clpA,923264,925540,+
clpB,2731600,2734173,-
clpP,456677,457300,+
clpS,922913,923233,+
clpX,457426,458700,+
clsA,1307185,1308645,-
clsB,822498,823739,-
clsC,1106355,1107776,+
cmk,961201,961884,+
cmoA,1952702,1953445,+
cmoB,1953442,1954413,+
cmoM,973537,974322,+
cmtA,3077471,3078859,-
cmtB,3078887,3079330,-
cnoX,517425,518279,-
cnu,1704949,1705164,+
coaA,4174076,4175026,-
coaD,3809825,3810304,+
coaE,112599,113219,-
cobB,1179520,1180359,+
cobC,669296,669907,-
cobS,2064479,2065222,-
cobT,2063388,2064467,-
cobU,2065219,2065764,-
codA,356171,357454,+
codB,354922,356181,+
cof,467412,468230,+
comR,1168200,1168832,-
copA,508875,511379,-
corA,4001426,4002376,+
cpdA,3176006,3176833,-
cpdB,4434622,4436565,-
cpoB,779598,780389,+
cpsB,2123084,2124520,-
cpsG,2121609,2122979,-
cpxA,4103602,4104975,-
cpxP,4105820,4106320,+
cpxQ,4106330,4106387,+
cpxR,4104972,4105670,-
cra,88028,89032,+
crcB,657555,657938,-
creA,4635521,4635994,+
creB,4636007,4636696,+
creC,4636696,4638120,+
creD,4638178,4639530,+
crl,257829,259006,+
crp,3486120,3486752,+
crr,2535834,2536343,+
csdA,2943337,2944542,+
csdE,2944542,2944985,+
csgA,1104447,1104902,+
csgB,1103951,1104406,+
csgC,1104961,1105293,+
csgD,1102546,1103196,-
csgE,1102152,1102541,-
csgF,1101711,1102127,-
csgG,1100851,1101684,-
csiE,2665435,2666715,+
cspA,3720049,3720261,+
cspB,1641339,1641554,-
cspC,1907226,1907435,-
cspD,922366,922590,-
cspE,657292,657501,+
cspF,1641855,1642067,+
cspG,1051461,1051673,+
cspH,1050963,1051175,-
cspI,1638455,1638667,-
csqR,4074669,4075454,+
csrA,2818961,2819146,-
csrB,2924156,2924524,-
csrC,4051036,4051281,+
csrD,3401392,3403332,-
cstA,629894,631999,+
cueO,137083,138633,+
cueR,513993,514400,+
curA,1519027,1520064,+
cusA,598714,601857,+
cusB,597479,598702,+
cusC,595600,596973,+
cusF,597131,597463,+
cusR,594760,595443,-
cusS,593328,594770,-
cutA,4365018,4365356,-
cutC,1958520,1959266,-
cvpA,2430275,2430763,-
cvrA,1240335,1242071,-
cyaA,3991153,3993699,+
cyaR,2167114,2167200,+
cyaY,3993739,3994059,-
cybB,1490902,1491432,+
cybC,4459488,4459855,+
cycA,4429864,4431276,+
cydA,771458,773026,+
cydB,773042,774181,+
cydC,927474,929195,-
cydD,929196,930962,-
cydH,1737456,1737545,-
cydX,774196,774309,+
cynR,357791,358690,-
cynS,359489,359959,+
cynT,358799,359458,+
cynX,359992,361146,+
cyoA,450663,451610,-
cyoB,448650,450641,-
cyoC,448046,448660,-
cyoD,447717,448046,-
cyoE,446815,447705,-
cysA,2539717,2540814,-
cysB,1333855,1334829,+
cysC,2873387,2873992,-
cysD,2875421,2876329,-
cysE,3781741,3782562,-
cysG,3497828,3499201,+
cysH,2887578,2888312,-
cysI,2888387,2890099,-
cysJ,2890099,2891898,-
cysK,2532409,2533380,+
cysM,2538672,2539583,-
cysN,2873992,2875419,-
cysP,2542512,2543528,-
cysQ,4436755,4437495,+
cysS,554611,555996,+
cysT,1991914,1991987,-
cysU,2541679,2542512,-
cysW,2540804,2541679,-
cysZ,2531463,2532224,+
cytR,4123431,4124456,-
cyuA,3255341,3256651,-
cyuP,3256679,3258010,-
dacA,662752,663963,-
dacB,3328963,3330396,+
dacC,880727,881929,+
dacD,2081381,2082547,-
dadA,1237571,1238869,+
dadX,1238879,1239949,+
dam,3515077,3515913,-
damX,3516020,3517306,-
dapA,2598882,2599760,-
dapB,28374,29195,+
dapD,185123,185947,-
dapE,2591607,2592734,+
dapF,3994762,3995586,+
dauA,1259124,1260803,-
dbpA,1409511,1410884,+
dcd,2141634,2142215,-
dcm,2030899,2032317,-
dcp,1625335,1627380,-
dcrB,3609955,3610512,+
dctA,3682161,3683447,-
dctR,3654683,3655213,+
dcuA,4365472,4366773,-
dcuB,4347404,4348744,-
dcuC,654583,655968,-
dcuD,3374869,3376236,+
dcuR,4349315,4350034,-
dcuS,4350031,4351662,-
dcyD,1998494,1999480,-
ddlA,399829,400923,-
ddlB,102233,103153,+
ddpA,1560931,1562481,-
ddpB,1559907,1560929,-
ddpC,1559014,1559910,-
ddpD,1558031,1559017,-
ddpF,1557112,1558038,-
ddpX,1562495,1563076,-
deaD,3305971,3307860,-
decR,468383,468841,+
dedA,2434082,2434741,-
dedD,2431022,2431684,-
def,3433690,3434199,+
degP,180884,182308,+
degQ,3380743,3382110,+
degS,3382200,3383267,+
deoA,4618229,4619551,+
deoB,4619603,4620826,+
deoC,4617323,4618102,+
deoD,4620883,4621602,+
deoR,881976,882734,-
der,2635884,2637356,-
dfp,3812731,3813951,+
dgcC,403703,404818,+
dgcE,2143266,2146583,+
dgcF,1610907,1611854,-
dgcI,875335,876663,+
dgcJ,1872041,1873531,+
dgcM,1406563,1407795,-
dgcN,2742383,2743609,+
dgcP,1877715,1878740,+
dgcQ,2026323,2028017,-
dgcT,1092876,1094234,+
dgcZ,1622960,1623850,-
dgkA,4256637,4257005,+
dgoA,3872995,3873612,-
dgoD,3871850,3872998,-
dgoK,3873596,3874474,-
dgoR,3874471,3875160,-
dgoT,3870438,3871730,-
dgt,179237,180754,+
dhaK,1249768,1250838,-
dhaL,1249125,1249757,-
dhaM,1247696,1249114,-
dhaR,1251066,1252985,+
diaA,3295809,3296399,+
dicA,1647934,1648341,+
dicB,1649609,1649797,+
dicC,1647620,1647850,-
dicF,1649382,1649434,+
digH,1567504,1568823,-
dinB,250898,251953,+
dinD,3817760,3818584,+
dinF,4257742,4259121,+
dinG,833070,835220,+
dinI,1121242,1121487,-
dinJ,246242,246502,-
dinQ,3647705,3647788,-
djlA,57364,58179,+
djlB,677415,678842,+
djlC,680212,681663,+
dkgA,3156623,3157450,+
dkgB,229167,229970,+
dksA,160149,160604,-
dld,2222185,2223900,+
dmlA,1881912,1882997,+
dmlR,1880886,1881809,-
dmsA,940959,943403,+
dmsB,943414,944031,+
dmsC,944033,944896,+
dmsD,1664506,1665120,+
dnaA,3882326,3883729,-
dnaB,4264314,4265729,+
dnaC,4600238,4600975,-
dnaE,205126,208608,+
dnaG,3211107,3212852,+
dnaJ,14168,15298,+
dnaK,12163,14079,+
dnaN,3881221,3882321,-
dnaQ,236067,236798,+
dnaT,4600978,4601517,-
dnaX,492092,494023,+
dolP,3296409,3296984,+
dosC,1565758,1567140,-
dosP,1563334,1565733,-
dpaA,245065,245805,-
dpiA,653862,654542,+
dpiB,652235,653893,+
dppA,3706098,3707705,-
dppB,3704771,3705790,-
dppC,3703859,3704761,-
dppD,3702865,3703848,-
dppF,3701864,3702868,-
dps,848408,848911,-
drpB,2033119,2033421,-
dsbA,4043418,4044044,+
dsbB,1232500,1233030,-
dsbC,3038112,3038822,-
dsbD,4363345,4365042,-
dsbG,637827,638573,-
dsdA,2479202,2480530,+
dsdC,2476694,2477629,-
dsdX,2477847,2479184,+
dsrA,2025223,2025313,-
dsrB,2024635,2024823,-
dtd,4077015,4077452,+
dtpA,1712769,1714271,+
dtpB,3640862,3642331,+
dtpC,4354954,4356411,-
dtpD,741075,742556,-
dusA,4261669,4262706,+
dusB,3410280,3411245,+
dusC,2229438,2230385,-
dut,3813929,3814387,+
dxr,193521,194717,+
dxs,438315,440177,-
eaeH,314357,315244,+
eamA,1620238,1621137,-
eamB,2715423,2716010,+
ebgA,3222633,3225725,+
ebgC,3225722,3226171,+
ebgR,3221466,3222449,+
ecnA,4376317,4376442,+
ecnB,4376553,4376699,+
eco,2303905,2304393,+
ecpA,310084,310671,-
ecpB,309358,310026,-
ecpC,306807,309332,-
ecpD,305174,306817,-
ecpE,304495,305205,-
eda,1932115,1932756,-
edd,1932793,1934604,-
efeB,1083376,1084647,+
efeO,1082243,1083370,+
efeU,1081356,1082185,+
efp,4375699,4376265,+
elaA,2381082,2381543,-
elaB,2380722,2381027,-
elaD,2382713,2383924,+
elbB,3349806,3350459,-
elfA,997868,998407,+
elfC,999216,1001816,+
elfD,998490,999191,+
elfG,1001807,1002877,+
elyC,972622,973401,-
emrA,2811427,2812599,+
emrB,2812616,2814154,+
emrD,3853922,3855106,+
emrE,568315,568647,+
emrK,2482176,2483339,-
emrY,2480638,2482176,-
emtA,1243180,1243791,+
endA,3090347,3091054,+
eno,2906643,2907941,-
entA,628551,629297,+
entB,627694,628551,+
entC,624885,626060,+
entD,609459,610079,-
entE,626070,627680,+
entF,614157,618038,+
entH,629300,629713,+
entS,622300,623550,+
envC,3786838,3788097,+
envR,3412803,3413465,-
envY,586147,586908,-
envZ,3534516,3535868,-
epd,3072672,3073691,-
epmA,4382643,4383620,+
epmB,4374629,4375657,-
epmC,2444203,2444751,-
eptA,4333947,4335590,-
eptB,3708784,3710475,-
eptC,4148532,4150265,-
era,2702481,2703386,-
erpA,176610,176954,+
esrE,4019978,4020229,+
essD,577398,577613,+
essQ,1640370,1640585,-
etk,1042030,1044210,-
etp,1044230,1044676,-
ettA,4628855,4630522,-
eutA,2565481,2566884,-
eutB,2557318,2558679,-
eutC,2556410,2557297,-
eutD,2572489,2573505,-
eutE,2570348,2571751,-
eutG,2568324,2569511,-
eutH,2566881,2568107,-
eutJ,2569501,2570337,-
eutK,2555228,2555728,-
eutL,2555741,2556400,-
eutM,2572157,2572450,-
eutN,2571763,2572050,-
eutP,2574978,2575457,-
eutQ,2574302,2575003,-
eutR,2554130,2555182,-
eutS,2575470,2575805,-
eutT,2573502,2574305,-
evgA,2483755,2484369,+
evgL,2483729,2483758,+
evgS,2484374,2487967,+
exbB,3151250,3151984,-
exbD,3150818,3151243,-
exoD,566098,566361,-
exoX,1926120,1926782,+
exuR,3246652,3247428,+
exuT,3245224,3246522,+
eyeA,272580,272654,+
fabA,1015952,1016470,-
fabB,2440385,2441605,-
fabD,1149728,1150657,+
fabF,1151939,1153180,+
fabG,1150670,1151404,+
fabH,1148759,1149712,+
fabI,1350251,1351039,-
fabR,4161067,4161771,+
fabY,4077449,4078438,+
fabZ,202101,202556,+
fadA,4027609,4028772,-
fadB,4028782,4030971,-
fadD,1888061,1889746,-
fadE,240859,243303,-
fadH,3231665,3233683,+
fadI,2459159,2460469,-
fadJ,2457015,2459159,-
fadK,1782977,1784677,+
fadL,2461306,2462646,+
fadM,464402,464800,+
fadR,1234938,1235657,+
fau,3056241,3056789,+
fbaA,3070165,3071244,-
fbaB,2177512,2178564,-
fbp,4454611,4455609,-
fcl,2126225,2127190,-
fdhD,4086016,4086849,+
fdhE,4080299,4081228,-
fdhF,4297219,4299366,-
fdnG,1547401,1550448,+
fdnH,1550461,1551345,+
fdnI,1551338,1551991,+
fdoG,4082772,4085822,-
fdoH,4081857,4082759,-
fdoI,4081225,4081860,-
fdrA,546680,548347,+
fdx,2656748,2657083,-
feaB,1447519,1449018,+
feaR,1446378,1447283,-
fecA,4514353,4516677,-
fecB,4513406,4514308,-
fecC,4512411,4513409,-
fecD,4511458,4512414,-
fecE,4510690,4511457,-
fecI,4517714,4518235,-
fecR,4516764,4517717,-
feoA,3540163,3540390,+
feoB,3540407,3542728,+
feoC,3542728,3542964,+
fepA,610254,612494,-
fepB,623554,624510,-
fepC,619384,620199,-
fepD,621185,622189,-
fepE,618254,619387,+
fepG,620196,621188,-
fes,612737,613939,+
fetA,515919,516596,+
fetB,516583,517362,+
ffh,2746434,2747795,-
ffs,476448,476561,+
fhlA,2854338,2856416,+
fhuA,167484,169727,+
fhuB,171462,173444,+
fhuC,169778,170575,+
fhuD,170575,171465,+
fhuE,1159362,1161551,-
fhuF,4604875,4605663,-
fic,3490861,3491463,-
fieF,4106469,4107371,+
fimA,4543115,4543663,+
fimB,4540957,4541559,+
fimC,4544304,4545029,+
fimD,4545096,4547732,+
fimE,4542037,4542633,+
fimF,4547742,4548272,+
fimG,4548285,4548788,+
fimH,4548808,4549710,+
fimI,4543728,4544267,+
fimZ,563848,564480,-
fis,3411271,3411567,+
fiu,839249,841531,-
fixA,42403,43173,+
fixB,43188,44129,+
fixC,44180,45466,+
fixX,45463,45750,+
fklB,4428935,4429555,+
fkpA,3476607,3477419,-
fkpB,25826,26275,+
fldA,710935,711465,-
fldB,3039855,3040376,+
flgA,1130204,1130863,-
flgB,1131018,1131434,+
flgC,1131438,1131842,+
flgD,1131854,1132549,+
flgE,1132574,1133782,+
flgF,1133802,1134557,+
flgG,1134729,1135511,+
flgH,1135564,1136262,+
flgI,1136274,1137371,+
flgJ,1137371,1138312,+
flgK,1138378,1140021,+
flgL,1140033,1140986,+
flgM,1129835,1130128,-
flgN,1129414,1129830,-
flgO,1140986,1141063,+
flhA,1962972,1965050,-
flhB,1965043,1966191,-
flhC,1977266,1977844,-
flhD,1977847,1978197,-
flhE,1962580,1962972,-
fliA,2001070,2001789,-
fliC,2002110,2003606,-
fliD,2003872,2005278,+
fliE,2012700,2013014,-
fliF,2013229,2014887,+
fliG,2014880,2015875,+
fliH,2015868,2016554,+
fliI,2016554,2017927,+
fliJ,2017946,2018389,+
fliK,2018386,2019513,+
fliL,2019618,2020082,+
fliM,2020087,2021091,+
fliN,2021088,2021501,+
fliO,2021504,2021869,+
fliP,2021869,2022606,+
fliQ,2022616,2022885,+
fliR,2022893,2023678,+
fliS,2005303,2005713,+
fliT,2005713,2006078,+
fliX,2001912,2002106,-
fliZ,2000473,2001024,-
flk,2437950,2438945,+
flu,2071539,2074658,+
flxA,1646405,1646737,+
fmt,3434214,3435161,+
fnr,1398774,1399526,-
fnrS,1409129,1409250,+
focA,953609,954466,-
focB,2613934,2614782,+
folA,49823,50302,+
folB,3204221,3204589,-
folC,2431674,2432942,-
folD,556875,557741,-
folE,2242984,2243652,-
folK,157253,157732,-
folM,1680976,1681698,+
folP,3324063,3324911,-
folX,2421325,2421687,+
fpr,4113726,4114472,-
frc,2492004,2493254,-
frdA,4380510,4382318,-
frdB,4379783,4380517,-
frdC,4379377,4379772,-
frdD,4379007,4379366,-
fre,4026527,4027228,+
frlA,3499910,3501247,+
frlB,3501268,3502290,+
frlC,3502340,3503170,+
frlD,3503167,3503952,+
frlR,3504052,3504783,+
frmA,378462,379571,-
frmB,377535,378368,-
frmR,379606,379881,-
frr,192872,193429,+
frsA,256527,257771,+
fruA,2259719,2261410,-
fruB,2262365,2263495,-
fruK,2261427,2262365,-
frvA,4092377,4092823,-
frvB,4090915,4092366,-
frvR,4088107,4089855,-
frvX,4089855,4090925,-
frwB,4143624,4143944,+
frwC,4142530,4143609,+
frwD,4147138,4147479,+
fryA,2501990,2504485,-
fryB,2507916,2508242,-
fryC,2506647,2507894,-
fsaA,863642,864304,+
fsaB,4139046,4139708,-
fsr,503476,504696,-
ftnA,1988716,1989213,+
ftnB,1986925,1987428,+
ftp,2310479,2311534,-
ftsA,103982,105244,+
ftsB,2872509,2872820,-
ftsE,3602079,3602747,-
ftsH,3325001,3326935,-
ftsI,91413,93179,+
ftsK,933224,937213,+
ftsL,91032,91397,+
ftsN,4122380,4123339,-
ftsO,92485,92658,+
ftsP,3161257,3162669,-
ftsQ,103155,103985,+
ftsW,98403,99647,+
ftsX,3601028,3602086,-
ftsY,3602750,3604243,-
ftsZ,105305,106456,+
fucA,2933041,2933688,-
fucI,2935584,2937359,+
fucK,2937468,2938886,+
fucO,2931865,2933013,-
fucP,2934235,2935551,+
fucR,2939368,2940099,+
fucU,2938888,2939310,+
fumA,1686731,1688377,-
fumB,4345680,4347326,-
fumC,1685185,1686588,-
fumD,1754932,1755141,-
fumE,3074686,3075195,-
fur,710200,710646,-
fusA,3471400,3473514,-
fxsA,4368664,4369140,+
gabD,2791273,2792721,+
gabP,2794253,2795653,+
gabT,2792735,2794015,+
gadA,3666180,3667580,-
gadB,1570645,1572045,-
gadC,1568954,1570489,-
gadE,3658366,3658893,+
gadF,3658992,3659082,+
gadW,3663890,3664618,-
gadX,3664986,3665810,-
gadY,3664864,3664969,+
galE,791039,792055,-
galF,2113434,2114327,-
galK,788831,789979,-
galM,787797,788837,-
galP,3088284,3089678,+
galR,2976599,2977630,+
galS,2240628,2241668,-
galT,789983,791029,-
galU,1291457,1292365,+
gapA,1862771,1863766,+
gapC,1489713,1490713,-
garD,3275282,3276853,+
garK,3270625,3271770,-
garL,3272787,3273557,-
garP,3273573,3274907,-
garR,3271867,3272751,-
gatA,2174597,2175049,-
gatB,2174282,2174566,-
gatC,2172921,2174278,-
gatD,2171833,2172873,-
gatR,2169693,2171727,-
gatY,2176350,2177204,-
gatZ,2175059,2176321,-
gcd,138835,141225,-
gcl,533916,535697,+
gcvA,2941650,2942567,-
gcvB,2942696,2942901,+
gcvH,3049160,3049549,-
gcvP,3046168,3049041,-
gcvR,2599906,2600478,+
gcvT,3049573,3050667,-
gdhA,1842371,1843714,+
gdx,4376875,4377192,+
gfcA,1049439,1049744,-
gfcB,1048688,1049332,-
gfcC,1047945,1048691,-
gfcD,1045849,1047945,-
gfcE,1044664,1045803,-
ggt,3585081,3586823,-
ghoS,4352584,4352880,+
ghoT,4352908,4353081,+
ghrA,1097886,1098824,+
ghrB,3717310,3718284,+
ghxP,4278479,4279828,+
ghxQ,3027121,3028488,+
glaH,2788985,2789962,+
glaR,2795674,2796336,+
glcA,3119597,3121279,-
glcB,3121634,3123805,-
glcC,3128272,3129036,+
glcD,3126522,3128021,-
glcE,3125470,3126522,-
glcF,3124236,3125459,-
glcG,3123827,3124231,-
gldA,4137932,4139035,-
glf,2107226,2108329,-
glgA,3566600,3568033,-
glgB,3571316,3573502,-
glgC,3568033,3569328,-
glgP,3564134,3566581,-
glgS,3191739,3191939,-
glgX,3569346,3571319,-
glk,2508461,2509426,-
glmM,3322733,3324070,-
glmS,3911839,3913668,-
glmU,3913830,3915200,-
glmY,2691157,2691340,-
glmZ,3986432,3986603,+
glnA,4056625,4058034,-
glnB,2687070,2687408,-
glnD,185978,188650,-
glnE,3196801,3199641,-
glnG,4053869,4055278,-
glnH,847258,848004,-
glnK,472598,472936,+
glnL,4055290,4056339,-
glnP,846460,847119,-
glnQ,845741,846463,-
glnS,706093,707757,+
glnU,696865,696939,-
glnV,696542,696616,-
glnW,696756,696830,-
glnX,696430,696504,-
gloA,1727837,1728244,+
gloB,234027,234782,-
gloC,983650,984297,+
glpA,2352647,2354275,+
glpB,2354265,2355524,+
glpC,2355521,2356711,+
glpD,3562013,3563518,+
glpE,3561497,3561823,-
glpF,4117245,4118090,-
glpG,3560622,3561452,-
glpK,4115714,4117222,-
glpQ,2349935,2351011,-
glpR,3559848,3560605,-
glpT,2351016,2352374,-
glpX,4114569,4115579,-
glrK,2689671,2691098,-
glrR,2687469,2688803,-
glsA,511641,512573,+
glsB,1612325,1613251,-
gltA,753185,754468,-
gltB,3354725,3359185,+
gltD,3359198,3360616,+
gltF,3361176,3361940,+
gltI,686839,687747,-
gltJ,685929,686669,-
gltK,685255,685929,-
gltL,684530,685255,-
gltP,4294481,4295794,+
gltS,3827460,3828665,-
gltT,4168372,4168447,+
gltU,3943435,3943510,+
gltV,4209774,4209849,+
gltW,2729369,2729444,-
gltX,2519257,2520672,-
gluQ,159186,160112,-
glvB,3861987,3862472,-
glvC,3862497,3863603,-
glvG,3861173,3861987,-
glxK,541888,543033,+
glxR,536586,537464,+
glyA,2684254,2685507,-
glyQ,3724407,3725318,-
glyS,3722328,3724397,-
glyT,4175673,4175747,+
glyU,2998984,2999057,-
glyV,4392360,4392435,+
glyW,1992042,1992117,-
glyX,4392472,4392547,+
glyY,4392583,4392658,+
gmd,2127193,2128314,-
gmhA,243543,244121,+
gmhB,222833,223408,+
gmk,3821428,3822051,+
gmm,2125743,2126222,-
gnd,2099862,2101268,-
gnsA,1052067,1052240,+
gnsB,1637609,1637782,-
gntK,3577065,3577592,-
gntP,4549953,4551296,-
gntR,3577731,3578726,-
gntT,3546559,3547875,+
gntU,3575721,3577061,-
gor,3646299,3647651,+
gph,3513631,3514389,-
gpmA,786843,787595,-
gpmM,3785260,3786804,+
gpp,3962745,3964229,-
gpr,3147897,3148937,+
gpsA,3782642,3783661,-
gpt,255977,256435,+
grcA,2716066,2716449,-
greA,3328239,3328715,-
greB,3536812,3537288,+
groL,4371025,4372671,+
groS,4370688,4370981,+
grpE,2750115,2750708,-
grxA,890496,890753,-
grxB,1123407,1124054,-
grxC,3784191,3784442,-
grxD,1733754,1734101,-
gshA,2814883,2816439,-
gshB,3091878,3092828,+
gsiA,867520,869391,+
gsiB,869411,870949,+
gsiC,870967,871887,+
gsiD,871890,872801,+
gsk,500125,501429,+
gspA,3453929,3455398,-
gspB,3453508,3453927,-
gspC,3455578,3456393,+
gspD,3456377,3458329,+
gspE,3458339,3459820,+
gspF,3459817,3461013,+
gspG,3461023,3461460,+
gspH,3461468,3461977,+
gspI,3461974,3462351,+
gspJ,3462344,3462931,+
gspK,3462924,3463907,+
gspL,3463922,3465085,+
gspM,3465082,3465543,+
gspO,3465543,3466220,+
gss,3136663,3138522,-
gstA,1714377,1714982,+
gstB,879854,880480,-
guaA,2630958,2632535,-
guaB,2632604,2634070,-
guaC,113444,114487,+
guaD,3025766,3027085,+
gudD,2918045,2919385,-
gudP,2920748,2922100,-
gudX,2919406,2920746,-
gutM,2828621,2828980,+
gutQ,2829813,2830778,+
gyrA,2336793,2339420,-
gyrB,3877705,3880119,-
hcaB,2671225,2672037,+
hcaC,2670908,2671228,+
hcaD,2672047,2673249,+
hcaE,2669032,2670393,+
hcaF,2670390,2670908,+
hcaR,2668006,2668896,-
hcaT,2666707,2667846,-
hchA,2035835,2036686,+
hcp,912162,913814,-
hcr,911182,912150,-
hcxA,632389,633477,-
hcxB,836351,837436,+
hda,2618075,2618776,-
hdeA,3656408,3656740,-
hdeB,3655966,3656292,-
hdeD,3656995,3657567,+
hdfR,3947128,3947967,-
hdhA,1697273,1698040,-
helD,1024471,1026525,+
hemA,1263714,1264970,+
hemB,388753,389727,-
hemC,3989825,3990766,-
hemD,3989088,3989828,-
hemE,4197716,4198780,+
hemF,2553225,2554124,+
hemG,4034608,4035153,+
hemH,498055,499017,+
hemL,173602,174882,-
hemN,4052045,4053418,+
hemW,3097267,3098403,+
hemX,3987885,3989066,-
hemY,3986686,3987882,-
hflC,4403300,4404304,+
hflD,1191990,1192631,-
hflK,4402038,4403297,+
hflX,4400672,4401952,+
hfq,4400288,4400596,+
hha,480090,480308,-
hicA,1509286,1509462,+
hicB,1509508,1509924,+
higA,3233728,3234144,-
higB,3234141,3234455,-
hinT,1161885,1162244,+
hipA,1590854,1592176,-
hipB,1592176,1592442,-
hisA,2095125,2095862,+
hisB,2093468,2094535,+
hisC,2092398,2093468,+
hisD,2091097,2092401,+
hisF,2095844,2096620,+
hisG,2090192,2091091,+
hisH,2094535,2095125,+
hisI,2096614,2097225,+
hisJ,2426006,2426788,-
hisL,2089996,2090046,+
hisM,2424517,2425233,-
hisP,2423736,2424509,-
hisQ,2425230,2425916,-
hisR,3982509,3982585,+
hisS,2639301,2640575,-
hiuH,2038956,2039369,+
hldE,3195320,3196753,-
hlyE,1229483,1230394,-
hmp,2685835,2687025,+
hns,1292509,1292922,-
hofB,115714,117099,-
hofC,114522,115724,-
hofM,3521972,3522751,-
hofN,3521433,3521972,-
hofO,3521009,3521449,-
hofP,3520615,3521019,-
hofQ,3519465,3520703,-
hokA,3720448,3720600,-
hokB,1491922,1492071,-
hokC,16751,16903,-
hokD,1645119,1645274,-
hokE,607836,607988,+
holA,670574,671605,-
holB,1155762,1156766,+
holC,4483837,4484280,-
holD,4607803,4608216,+
holE,1925108,1925338,+
hpf,3346173,3346460,+
hprR,2038152,2038823,-
hprS,2036794,2038152,-
hpt,141431,141967,+
hrpA,1483061,1486963,+
hrpB,162105,164534,+
hscA,2657085,2658935,-
hscB,2658952,2659467,-
hscC,681723,683393,-
hsdM,4581459,4583048,-
hsdR,4583249,4586761,-
hsdS,4580068,4581462,-
hslJ,1441321,1441743,-
hslO,3529774,3530652,+
hslR,3529348,3529749,+
hslU,4120416,4121747,-
hslV,4121757,4122287,-
hspQ,1028404,1028721,-
hsrA,3939185,3940612,-
htpG,495120,496994,+
htpX,1911695,1912576,-
htrE,152829,155426,-
htrL,3792826,3793683,-
hupA,4200281,4200553,+
hupB,461451,461723,+
hxpA,2411439,2412089,-
hxpB,1809380,1810048,+
hyaA,1032139,1033257,+
hyaB,1033254,1035047,+
hyaC,1035066,1035773,+
hyaD,1035770,1036357,+
hyaE,1036354,1036752,+
hyaF,1036749,1037606,+
hybA,3144154,3145140,-
hybB,3142986,3144164,-
hybC,3141286,3142989,-
hybD,3140792,3141286,-
hybE,3140311,3140799,-
hybF,3139977,3140318,-
hybG,3139716,3139964,-
hybO,3145143,3146261,-
hycA,2849974,2850435,-
hycB,2849238,2849849,-
hycC,2847415,2849241,-
hycD,2846489,2847412,-
hycE,2844762,2846471,-
hycF,2844210,2844752,-
hycG,2843443,2844210,-
hycH,2843036,2843446,-
hycI,2842573,2843043,-
hydN,2837578,2838105,-
hyfA,2601201,2601818,+
hyfB,2601818,2603836,+
hyfC,2603847,2604794,+
hyfD,2604811,2606250,+
hyfE,2606262,2606912,+
hyfF,2606917,2608497,+
hyfG,2608487,2610154,+
hyfH,2610164,2610709,+
hyfI,2610706,2611464,+
hyfJ,2611457,2611870,+
hyfR,2611900,2613912,+
hyi,535710,536486,+
hypA,2850647,2850997,+
hypB,2851001,2851873,+
hypC,2851864,2852136,+
hypD,2852136,2853257,+
hypE,2853254,2854264,+
hypF,2835173,2837425,-
hypT,4557378,4558289,-
hyuA,3010028,3011413,+
iaaA,866568,867533,+
iadA,4558354,4559526,-
iap,2876581,2877618,+
ibaG,3336549,3336803,-
ibpA,3867009,3867422,-
ibpB,3866469,3866897,-
ibsA,2153349,2153408,-
ibsB,2153681,2153737,-
ibsC,3056890,3056949,-
ibsD,3194766,3194825,+
ibsE,3195141,3195200,+
icd,1195123,1196373,+
icdC,1211413,1211577,+
iclR,4222804,4223628,-
idi,3033065,3033613,+
idlP,4556913,4556996,+
idnD,4493375,4494406,-
idnK,4494623,4495186,+
idnO,4492587,4493351,-
idnR,4490141,4491139,-
idnT,4491206,4492525,-
igaA,3526469,3528604,+
ihfA,1795253,1795552,-
ihfB,963828,964112,+
ileS,22391,25207,+
ileT,4037141,4037217,+
ileU,3427076,3427152,-
ileV,225381,225457,+
ileX,3215598,3215673,+
ileY,2785762,2785837,-
ilvA,3955331,3956875,+
ilvB,3851096,3852784,-
ilvC,3957970,3959445,+
ilvD,3953478,3955328,+
ilvE,3952484,3953413,+
ilvG,3950560,3952204,+
ilvH,87357,87848,+
ilvI,85630,87354,+
ilvL,3950322,3950420,+
ilvM,3952201,3952464,+
ilvN,3850802,3851092,-
ilvX,3950507,3950557,+
ilvY,3956927,3957820,-
inaA,2348822,2349472,-
infA,926225,926443,-
infB,3313342,3316014,-
infC,1800096,1800638,-
insA1,20233,20508,-
insA2,279600,279875,-
insA3,291071,291346,-
insA4,1049833,1050108,+
insA5,1978940,1979215,-
insA6,3583483,3583758,+
insA7,4518527,4518802,+
insA9,258345,258620,-
insB1,19811,20314,-
insB2,279178,279681,-
insB3,290649,291152,-
insB4,1050027,1050530,+
insB5,1978518,1979021,-
insB6,3583677,3584180,+
insB7,4518721,4519224,+
insB9,257923,258426,-
insC1,381351,381716,+
insC2,1468784,1469149,-
insC3,2069815,2070180,-
insC4,2997235,2997600,-
insC5,3186187,3186552,+
insC6,4498272,4498637,+
insD1,381674,382579,+
insD2,1467921,1468826,-
insD3,2068952,2069857,-
insD4,2996372,2997277,-
insD5,3186510,3187415,+
insD6,4498595,4499500,+
insD7,1650881,1651537,+
insE1,315291,315590,+
insE2,392602,392901,-
insE3,566842,567141,+
insE4,1095138,1095437,-
insE5,2170236,2170535,+
insF1,315587,316453,+
insF2,391739,392605,-
insF3,567138,568004,+
insF4,1094275,1095141,-
insF5,2170532,2171398,+
insG,4502103,4503431,-
insH1,274101,275081,-
insH10,3365702,3366682,-
insH11,3652182,3653162,-
insH2,574737,575717,-
insH21,1299567,1300547,+
insH3,687997,688977,-
insH4,1396112,1397092,+
insH5,1427746,1428726,-
insH6,2066305,2067285,-
insH7,2101895,2102875,-
insH8,2289065,2290045,-
insH9,3130214,3131194,+
insI1,270603,271754,+
insI2,279931,280104,+
insI3,4507466,4508617,-
insJ,3720680,3721201,+
insK,3721198,3722049,+
insL1,15445,16557,+
insL2,608065,609177,+
insL3,2514331,2515443,+
insM,4508684,4508942,-
insN,270278,272190,+
insO,4507197,4509793,+
insQ,1503657,1504865,+
insX,280114,280362,-
insZ,1294426,1295322,-
intA,2756159,2757400,+
intB,4496750,4497940,+
intD,564815,565978,-
intE,1199679,1200806,-
intF,295696,297096,-
intG,2012502,2012780,+
intQ,1651512,1652708,+
intR,1412000,1413235,-
intS,2466545,2467702,+
intZ,2558858,2560066,+
iprA,394506,395129,+
iraD,4556993,4557385,+
iraM,1211680,1212003,-
iraP,401386,401646,+
iroK,2668006,2668071,-
iscA,2659563,2659886,-
iscR,2661643,2662131,-
iscS,2660317,2661531,-
iscU,2659903,2660289,-
iscX,2656536,2656736,-
ispA,440202,441101,-
ispB,3333710,3334681,+
ispD,2871780,2872490,-
ispE,1262026,1262877,-
ispF,2871301,2871780,-
ispG,2640686,2641804,-
ispH,26277,27227,+
ispU,194903,195664,+
ispZ,194784,194844,+
isrC,2071317,2071511,+
istR,3853118,3853257,-
ivbL,3852890,3852988,-
ivy,240343,240816,+
jayE,1206131,1206922,+
katE,1813867,1816128,+
katG,4133835,4136015,+
kbaY,3283143,3284003,+
kbaZ,3278914,3280194,+
kbl,3791355,3792551,-
kbp,2796337,2796786,-
kch,1309016,1310269,-
kdgK,3679419,3680348,+
kdgR,1909308,1910099,-
kdgT,4101690,4102673,+
kdpA,727059,728732,-
kdpB,724988,727036,-
kdpC,724407,724979,-
kdpD,721730,724414,-
kdpE,721056,721733,-
kdpF,728732,728821,-
kdsA,1268165,1269019,+
kdsB,970852,971598,+
kdsC,3342273,3342839,+
kdsD,3341266,3342252,+
kduD,2982497,2983258,-
kduI,2983288,2984124,-
kefB,3478802,3480607,-
kefC,47769,49631,+
kefF,47246,47776,+
kefG,3480607,3481161,-
kgtP,2724448,2725746,-
kilR,1418008,1418229,-
kilS,1418405,1418502,-
kptA,4560930,4561484,+
kup,3931316,3933184,+
lacA,361249,361860,-
lacI,366428,367510,-
lacY,361926,363179,-
lacZ,363231,366305,-
lafU,250072,250827,+
lamB,4247971,4249311,+
lapA,1340243,1340551,+
lapB,1340558,1341727,+
lapC,2284376,2286136,+
ldcA,1242166,1243080,-
ldcC,209679,211820,+
ldhA,1441854,1442843,-
ldrA,1269168,1269275,-
ldrB,1269703,1269810,-
ldrC,1270238,1270345,-
ldrD,3699980,3700087,-
ldtA,2062391,2063323,-
ldtB,854824,855744,-
ldtC,1169412,1170374,-
ldtD,981047,982894,+
ldtE,1757721,1758725,-
lepA,2705325,2707124,-
lepB,2704335,2705309,-
letA,1916258,1917541,+
letB,1917510,1920143,+
leuA,81958,83529,-
leuB,80867,81958,-
leuC,79464,80864,-
leuD,78848,79453,-
leuE,1880121,1880759,-
leuL,83622,83708,-
leuO,84368,85312,+
leuP,4606200,4606286,-
leuQ,4606315,4606401,-
leuS,672201,674783,-
leuT,3982606,3982692,+
leuU,3322072,3322158,-
leuV,4606079,4606165,-
leuW,696963,697047,-
leuX,4496405,4496489,+
leuZ,1991815,1991901,-
lexA,4257115,4257723,+
lfhA,248358,250070,-
lgoD,4595990,4597012,+
lgoR,4594937,4595851,-
lgoT,4593361,4594722,-
lgt,2965162,2966037,-
lhgD,2789982,2791250,+
lhr,1729087,1733703,+
ligA,2528161,2530176,-
ligB,3819488,3821170,-
lipA,659251,660216,-
lipB,661637,662278,-
lit,1198695,1199588,+
livF,3592724,3593437,-
livG,3593439,3594206,-
livH,3595477,3596403,-
livJ,3598555,3599658,-
livK,3596451,3597560,-
livM,3594203,3595480,-
lldD,3779827,3781017,+
lldP,3777399,3779054,+
lldR,3779054,3779830,+
lnt,689343,690881,-
loiP,3081913,3082671,+
lolA,937372,937983,+
lolB,1262877,1263500,-
lolC,1175427,1176626,+
lolD,1176619,1177320,+
lolE,1177320,1178564,+
lomR,1427389,1428984,+
lon,458888,461242,+
lpd,127912,129336,+
lplA,4623101,4624117,-
lplT,2972669,2973862,-
lpoA,3293400,3295436,+
lpoB,1162638,1163279,+
lpp,1757421,1757657,+
lptA,3343380,3343937,+
lptB,3343944,3344669,+
lptC,3342836,3343411,+
lptD,54755,57109,-
lptE,671605,672186,-
lptF,4486218,4487318,+
lptG,4487318,4488400,+
lpxA,202560,203348,+
lpxB,203348,204496,+
lpxC,106557,107474,+
lpxD,200971,201996,+
lpxH,553218,553940,-
lpxK,968366,969352,+
lpxL,1115662,1116582,-
lpxM,1939222,1940193,-
lpxP,2495645,2496565,+
lpxT,2268854,2269567,+
lrhA,2405703,2406641,-
lrp,932595,933089,+
lspA,25207,25701,+
lsrA,1601490,1603025,+
lsrB,1605051,1606073,+
lsrC,1603019,1604047,+
lsrD,1604047,1605039,+
lsrF,1606100,1606975,+
lsrG,1606999,1607289,+
lsrK,1598617,1600209,-
lsrR,1600288,1601241,-
ltaE,908293,909294,-
luxS,2814218,2814733,-
lysA,2977637,2978899,-
lysC,4231884,4233233,-
lysO,913958,914857,-
lysP,2247063,2248532,-
lysQ,781577,781652,+
lysR,2979021,2979956,+
lysS,3033657,3035174,-
lysT,780554,780629,+
lysU,4353200,4354717,-
lysV,2521253,2521328,+
lysW,780843,780918,+
lysY,781147,781222,+
lysZ,781369,781444,+
lyxK,3747084,3748580,+
maa,479367,479918,-
macA,919235,920350,+
macB,920347,922293,+
maeA,1553972,1555669,-
maeB,2576098,2578377,-
mak,410144,411052,+
malE,4245229,4246419,-
malF,4243531,4245075,-
malG,4242626,4243516,-
malH,4242531,4242633,-
malI,1698152,1699180,-
malK,4246784,4247899,+
malM,4249554,4250474,+
malP,3550080,3552473,-
malQ,3547986,3550070,-
malS,3737497,3739527,+
malT,3553085,3555790,+
malX,1699355,1700947,+
malY,1700957,1702129,+
malZ,422518,424332,+
manA,1688576,1689751,+
manX,1902048,1903019,+
manY,1903082,1903882,+
manZ,1903895,1904746,+
maoP,3948086,3948424,+
map,188712,189506,-
marA,1619574,1619957,+
marB,1619989,1620207,+
marC,1618243,1618908,-
marR,1619120,1619554,+
matA,310746,311336,-
matP,1018485,1018937,+
mazE,2911091,2911339,-
mazF,2910756,2911091,-
mazG,2909894,2910685,-
mbiA,10830,11315,+
mcaS,1405658,1405751,-
mcbA,841796,842056,-
mcbR,1520262,1520927,+
mcrA,1210346,1211179,+
mcrB,4577958,4579337,-
mcrC,4576912,4577958,-
mdaB,3172530,3173111,+
mdfA,883673,884905,+
mdh,3383330,3384268,-
mdlA,468871,470643,+
mdlB,470636,472417,+
mdtA,2154016,2155263,+
mdtB,2155263,2158385,+
mdtC,2158386,2161463,+
mdtD,2161464,2162879,+
mdtE,3659232,3660389,+
mdtF,3660414,3663527,+
mdtG,1114264,1115490,-
mdtH,1124118,1125326,-
mdtI,1672820,1673149,-
mdtJ,1673136,1673501,-
mdtK,1743457,1744830,+
mdtL,3891615,3892790,+
mdtM,4567287,4568519,-
mdtN,4303078,4304109,-
mdtO,4301027,4303078,-
mdtP,4299564,4301030,-
mdtQ,2227323,2228758,-
mdtU,1673608,1673709,-
melA,4341911,4343266,+
melB,4343369,4344790,+
melR,4340720,4341628,-
menA,4119423,4120349,-
menB,2375962,2376819,-
menC,2375000,2375962,-
menD,2377589,2379259,-
menE,2373648,2375003,-
menF,2379348,2380643,-
menH,2376834,2377592,-
menI,1765222,1765632,-
mepA,2445560,2446384,-
mepH,1734435,1735250,+
mepK,983075,983623,+
mepM,1940313,1941635,-
mepS,2269979,2270545,+
metA,4214280,4215209,+
metB,4128672,4129832,+
metC,3152236,3153423,+
metE,4013053,4015314,+
metF,4132616,4133506,+
metG,2194300,2196333,+
metH,4223828,4227511,+
metI,220968,221621,-
metJ,4128078,4128395,-
metK,3086706,3087860,+
metL,4129835,4132267,+
metN,221614,222645,-
metQ,220113,220928,-
metR,4011863,4012816,-
metT,697057,697133,-
metU,696664,696740,-
metV,2947607,2947683,+
metW,2947497,2947573,+
metY,3318213,3318289,-
metZ,2947387,2947463,+
mfd,1170518,1173964,-
mglA,2237769,2239289,-
mglB,2239350,2240348,-
mglC,2236743,2237753,-
mgrB,1908623,1908766,-
mgrR,1622817,1622914,-
mgsA,1026557,1027015,-
mgtA,4467625,4470321,+
mgtL,4467431,4467484,+
mgtS,1622646,1622741,+
mgtT,1622741,1622845,+
mhpA,368611,370275,+
mhpB,370277,371221,+
mhpC,371239,372105,+
mhpD,372115,372924,+
mhpE,373868,374881,+
mhpF,372921,373871,+
mhpR,367587,368420,-
mhpT,375459,376670,+
miaA,4399252,4400202,+
miaB,693531,694955,-
micA,2814802,2814874,+
micC,1437121,1437231,+
micF,2313084,2313176,+
micL,1958441,1958520,-
minC,1225385,1226080,-
minD,1224549,1225361,-
minE,1224279,1224545,-
mioC,3926012,3926455,-
mipA,1865726,1866472,-
mlaA,2464252,2465007,-
mlaB,3336963,3337256,-
mlaC,3337256,3337891,-
mlaD,3337910,3338461,-
mlaE,3338466,3339248,-
mlaF,3339256,3340065,-
mlc,1667344,1668564,-
mliC,1718066,1718395,-
mlrA,2214866,2215597,+
mltA,2946081,2947178,-
mltB,2824491,2825576,-
mltC,3104433,3105512,+
mltD,232597,233955,-
mltF,2695801,2697357,+
mltG,1154112,1155134,+
mmuM,276715,277647,+
mmuP,275325,276728,+
mnaT,1518328,1518846,-
mngA,765984,767960,+
mngB,767978,770611,+
mngR,765153,765875,-
mnmA,1192667,1193773,-
mnmC,2441764,2443770,+
mnmE,3886828,3888192,+
mnmG,3923744,3925633,-
mntH,2511468,2512706,-
mntP,1905688,1906254,+
mntR,853183,853650,+
mntS,852869,852997,-
moaA,817044,818033,+
moaB,818055,818567,+
moaC,818570,819055,+
moaD,819048,819293,+
moaE,819295,819747,+
mobA,4041415,4041999,-
mobB,4040906,4041433,-
mocA,3015160,3015738,+
modA,795089,795862,+
modB,795862,796551,+
modC,796554,797612,+
modE,793856,794644,-
modF,792316,793788,-
moeA,865129,866364,-
moeB,864380,865129,-
mog,9306,9893,+
mokA,3720448,3720632,-
mokB,1491962,1492129,-
mokC,16751,16960,-
motA,1976252,1977139,-
motB,1975329,1976255,-
motR,1977208,1977302,-
mpaA,1389870,1390598,-
mpl,4455785,4457158,+
mppA,1393227,1394840,+
mprA,2810770,2811300,+
mqo,2305108,2306754,-
mqsA,3167851,3168246,-
mqsR,3168248,3168544,-
mraY,96002,97084,+
mraZ,89634,90092,+
mrcA,3522871,3525423,+
mrcB,164730,167264,+
mrdA,666316,668217,-
mrdB,665201,666313,-
mreB,3400044,3401087,-
mreC,3398875,3399978,-
mreD,3398387,3398875,-
mrp,2193059,2194168,-
mrr,4586949,4587863,+
msbA,966621,968369,+
mscK,486536,489898,+
mscL,3438024,3438434,+
mscM,4386047,4389370,-
mscS,3068947,3069807,-
msrA,4441538,4442176,-
msrB,1862016,1862429,-
msrC,1915631,1916128,-
msrP,2039478,2040482,+
msrQ,2040483,2041118,+
msyB,1113807,1114181,-
mtfA,2043651,2044448,+
mtgA,3349081,3349809,-
mtlA,3772281,3774194,+
mtlD,3774424,3775572,+
mtlR,3775572,3776159,+
mtn,178455,179153,-
mtr,3304573,3305817,-
mug,3214967,3215473,-
mukB,976326,980786,+
mukE,975622,976326,+
mukF,974319,975641,+
murA,3335235,3336494,-
murB,4172057,4173085,+
murC,100765,102240,+
murD,97087,98403,+
murE,93166,94653,+
murF,94650,96008,+
murG,99644,100711,+
murI,4165428,4166285,+
murJ,1127839,1129374,+
murP,2546673,2548097,+
murQ,2545773,2546669,+
murR,2544752,2545609,-
mutH,2969662,2970351,+
mutL,4397412,4399259,+
mutM,3810343,3811152,-
mutS,2857093,2859654,+
mutT,111044,111433,+
mutY,3103013,3104065,+
mzrA,3248439,3248822,+
nac,2061016,2061933,-
nadA,782085,783128,+
nadB,2710420,2712042,+
nadC,117752,118645,-
nadD,669931,670572,-
nadE,1822458,1823285,+
nadK,2750831,2751709,+
nadR,4627315,4628547,+
nagA,701603,702751,-
nagB,702811,703611,-
nagC,700374,701594,-
nagE,703944,705890,+
nagK,1178593,1179504,+
nagZ,1164095,1165120,+
nanA,3372683,3373576,-
nanC,4538785,4539501,-
nanE,3370347,3371036,-
nanK,3369475,3370350,-
nanM,4537659,4538765,-
nanQ,3369014,3369478,-
nanR,3373698,3374489,-
nanS,4536614,4537594,-
nanT,3371084,3372574,-
nanX,4504058,4505275,+
nanY,4505287,4506405,+
napA,2300267,2302753,-
napB,2298269,2298718,-
napC,2297657,2298259,-
napD,2302750,2303013,-
napF,2303003,2303497,-
napG,2299565,2300260,-
napH,2298715,2299578,-
narG,1279864,1283607,+
narH,1283604,1285142,+
narI,1285849,1286526,+
narJ,1285139,1285849,+
narK,1277957,1279348,+
narL,1275179,1275829,-
narP,2290500,2291147,+
narQ,2585731,2587431,+
narS,1279337,1279520,+
narU,1542672,1544060,-
narV,1535937,1536617,-
narW,1536614,1537309,-
narX,1275822,1277618,-
narY,1537309,1538853,-
narZ,1538850,1542590,-
ndh,1166085,1167389,+
ndk,2644433,2644864,-
nei,745935,746726,+
nemA,1726659,1727756,+
nemR,1726023,1726622,+
nepI,3840549,3841739,-
nfeF,3215727,3216491,-
nfeR,3216779,3217402,+
nfi,4198790,4199461,+
nfo,2250840,2251697,+
nfrA,587982,590954,-
nfrB,590941,593178,-
nfsA,891184,891906,+
nfsB,604771,605424,-
nfuA,3545624,3546199,+
nhaA,17489,18655,+
nhaB,1233176,1234717,-
nhaR,18715,19620,+
nhoA,1534024,1534869,+
nikA,3613667,3615241,+
nikB,3615241,3616185,+
nikC,3616182,3617015,+
nikD,3617015,3617779,+
nikE,3617776,3618582,+
nikR,3618588,3618989,+
nimR,1874755,1875576,-
nimT,1875673,1876854,+
ninE,572921,573091,+
nirB,3494011,3496554,+
nirC,3497003,3497809,+
nirD,3496551,3496877,+
nlpA,3839175,3839993,-
nlpC,1792267,1792731,-
nlpD,2867614,2868753,-
nlpE,215269,215979,+
nlpI,3308040,3308924,-
nmpC,574529,576825,-
nnr,4394066,4395613,+
nohA,1635798,1636367,-
nohD,580834,581379,+
norR,2830775,2832289,-
norV,2832476,2833915,+
norW,2833912,2835045,+
npr,3347966,3348238,+
nrdA,2344865,2347150,+
nrdB,2347384,2348514,+
nrdD,4460522,4462660,-
nrdE,2801348,2803492,+
nrdF,2803502,2804461,+
nrdG,4459900,4460364,-
nrdH,2800723,2800968,+
nrdI,2800965,2801375,+
nrdR,433002,433451,+
nrfA,4287764,4289200,+
nrfB,4289245,4289811,+
nrfC,4289808,4290479,+
nrfD,4290476,4291432,+
nrfE,4291512,4293170,+
nrfF,4293163,4293546,+
nrfG,4293543,4294139,+
nsrR,4406190,4406615,+
nth,1711523,1712158,+
nudB,1948180,1948632,-
nudC,4196903,4197676,+
nudE,3525589,3526149,-
nudF,3177281,3177910,-
nudG,1841490,1841897,+
nudI,2364554,2364979,+
nudJ,1193827,1194288,-
nudK,2582903,2583478,-
nudL,1896170,1896748,+
nuoA,2404629,2405072,-
nuoB,2403951,2404613,-
nuoC,2402055,2403845,-
nuoE,2401552,2402052,-
nuoF,2400218,2401555,-
nuoG,2397439,2400165,-
nuoH,2396465,2397442,-
nuoI,2395908,2396450,-
nuoJ,2395342,2395896,-
nuoK,2395043,2395345,-
nuoL,2393205,2395046,-
nuoM,2391512,2393041,-
nuoN,2390048,2391505,-
nupC,2513042,2514244,+
nupG,3105714,3106970,+
nupX,2252895,2254145,-
nusA,3316039,3317526,-
nusB,435137,435556,+
nusG,4177743,4178288,+
obgE,3330582,3331754,-
ogrK,2167302,2167520,-
ogt,1399721,1400236,-
ohsC,2700520,2700598,+
ompA,1019013,1020053,-
ompC,2311646,2312749,-
ompF,985894,986982,-
ompG,1381947,1382852,+
ompL,4063603,4064295,-
ompN,1435760,1436893,-
ompR,3535865,3536584,-
ompT,584680,585633,-
ompW,1314020,1314658,+
ompX,850450,850965,+
omrA,2976102,2976189,-
omrB,2976304,2976385,-
opgB,4597150,4599441,-
opgC,1107784,1108941,-
opgD,1496856,1498511,+
opgE,851014,852597,-
opgG,1109335,1110870,+
opgH,1110863,1113406,+
oppA,1301182,1302813,+
oppB,1302899,1303819,+
oppC,1303834,1304742,+
oppD,1304754,1305767,+
oppF,1305764,1306768,+
orn,4391604,4392149,+
ortT,1517389,1517562,+
osmB,1343110,1343328,-
osmC,1556625,1557056,+
osmE,1821918,1822256,-
osmF,2218564,2219481,-
osmY,4611396,4612001,+
otsA,1980188,1981612,-
otsB,1981587,1982387,-
oweE,1204170,1204403,+
oxc,2490256,2491950,-
oxyR,4158490,4159407,+
oxyS,4158278,4158394,-
paaA,1453927,1454856,+
paaB,1454868,1455155,+
paaC,1455164,1455910,+
paaD,1455925,1456422,+
paaE,1456430,1457500,+
paaF,1457497,1458264,+
paaG,1458264,1459052,+
paaH,1459054,1460481,+
paaI,1460471,1460893,+
paaJ,1460893,1462098,+
paaK,1462125,1463438,+
paaX,1463539,1464489,+
paaY,1464471,1465061,+
paaZ,1451597,1453642,-
pabA,3490266,3490829,-
pabB,1894805,1896166,+
pabC,1153300,1154109,+
paeA,4439872,4441215,-
pagP,656557,657117,+
pal,779067,779588,+
panB,148807,149601,-
panC,147944,148795,-
panD,146314,146694,-
panE,443604,444515,-
panF,3407607,3409058,+
panZ,3597984,3598367,+
paoA,301884,302573,-
paoB,300931,301887,-
paoC,298736,300934,-
paoD,297770,298726,-
parC,3163715,3165973,-
parE,3173504,3175396,-
patA,3219494,3220873,+
patD,1515578,1517002,+
patZ,2719953,2722613,+
pawZ,2476584,2476598,+
pbl,2993939,2994441,+
pbpC,2645013,2647325,-
pbpG,2223938,2224870,-
pck,3532818,3534440,+
pcm,2868893,2869519,-
pcnB,157729,159126,-
pdeA,2515643,2517832,-
pdeB,477067,478617,-
pdeC,4275471,4277057,+
pdeD,1898427,1900025,+
pdeF,2626695,2628938,-
pdeG,1217328,1218851,+
pdeH,3678420,3679187,-
pdeI,872979,875327,+
pdeK,3683630,3685618,-
pdeL,332371,333459,+
pdeN,2270726,2272282,+
pdeR,1344757,1346742,-
pdhR,122092,122856,+
pdxA,52427,53416,-
pdxB,2436715,2437851,-
pdxH,1717351,1718007,-
pdxI,1474221,1475081,+
pdxJ,2700998,2701729,-
pdxK,2536386,2537237,-
pdxY,1715026,1715889,-
peaD,566376,566687,+
pepA,4484440,4485951,-
pepB,2655075,2656358,-
pepD,254259,255716,-
pepE,4229453,4230142,-
pepN,990622,993234,+
pepP,3053515,3054840,-
pepQ,4031161,4032492,+
pepT,1185844,1187070,+
perR,269289,270182,-
pfkA,4107552,4108514,+
pfkB,1806370,1807299,+
pflA,950340,951080,-
pflB,951272,953554,-
pflC,4146258,4147136,+
pflD,4143995,4146292,+
pgaA,1089866,1092289,-
pgaB,1087839,1089857,-
pgaC,1086521,1087846,-
pgaD,1086106,1086519,-
pgi,4233758,4235407,+
pgk,3071459,3072622,-
pgl,798586,799581,+
pgm,713558,715198,+
pgpA,436589,437107,+
pgpB,1339330,1340094,+
pgpC,2697915,2698550,-
pgrR,1391991,1392890,+
pgsA,1992269,1992817,-
pheA,2737745,2738905,+
pheL,2737599,2737646,+
pheM,1799226,1799270,-
pheP,601959,603335,+
pheS,1797959,1798942,-
pheT,1795557,1797944,-
pheU,4362551,4362626,-
pheV,3110366,3110441,+
phnC,4324377,4325165,-
phnD,4323336,4324352,-
phnE,4322443,4323281,-
phnF,4321697,4322422,-
phnG,4321244,4321696,-
phnH,4320663,4321247,-
phnI,4319599,4320663,-
phnJ,4318761,4319606,-
phnK,4318006,4318764,-
phnL,4317215,4317895,-
phnM,4316082,4317218,-
phnN,4315525,4316082,-
phnO,4315104,4315538,-
phnP,4314344,4315102,-
phoA,401747,403162,+
phoB,417142,417831,+
phoE,259045,260100,-
phoH,1084992,1086056,+
phoP,1189776,1190447,-
phoQ,1188316,1189776,-
phoR,417889,419184,+
phoU,3906853,3907578,-
php,3507712,3508590,-
phr,739507,740925,+
pinE,1209685,1210239,+
pinH,2783065,2783304,-
pinQ,1633622,1634212,+
pinR,1433084,1433674,-
pitA,3637642,3639141,+
pitB,3134872,3136371,-
plaP,2085704,2087062,-
plaR,3741684,3742532,-
pldA,4004862,4005731,+
pldB,4009170,4010192,+
pliG,1227071,1227472,-
plsB,4254043,4256466,-
plsC,3162744,3163481,-
plsX,1147621,1148691,+
plsY,3204694,3205311,+
pmrD,2373272,2373538,-
pmrR,4332116,4332205,+
pncA,1851887,1852528,+
pncB,989154,990356,-
pncC,2823849,2824346,-
pnp,3309033,3311168,-
pntA,1676371,1677903,-
pntB,1674972,1676360,-
pnuC,783166,783885,+
polA,4046966,4049752,+
polB,63429,65780,-
potA,1184458,1185594,-
potB,1183617,1184444,-
potC,1182826,1183620,-
potD,1181783,1182829,-
potE,716946,718265,-
potF,893784,894896,+
potG,894991,896124,+
potH,896134,897087,+
potI,897084,897929,+
poxB,909331,911049,-
ppa,4449122,4449652,-
ppc,4150447,4153098,-
ppdA,2963707,2964177,-
ppdB,2963153,2963716,-
ppdC,2962441,2962764,-
ppdD,117109,117549,-
pphA,1922313,1922969,-
pphB,2859760,2860416,+
pphC,2151711,2152472,-
ppiA,3491725,3492297,-
ppiB,553943,554437,-
ppiC,3959532,3959813,-
ppiD,461915,463786,+
ppk,2623044,2625110,+
ppnN,2926308,2927672,+
ppnP,408177,408461,+
pppA,3113543,3114352,-
ppsA,1784734,1787112,-
ppsR,1787445,1788278,+
pptA,1533052,1533285,+
ppx,2625115,2626656,+
pqiA,1012001,1013254,+
pqiB,1013259,1014899,+
pqiC,1014896,1015459,+
pqqL,1572407,1575202,-
prc,1912768,1914816,-
preA,2235265,2236500,+
preT,2234033,2235271,+
prfA,1265012,1266094,+
prfB,3035184,3036282,-
prfC,4609414,4611003,+
prfH,253702,254202,+
priA,4124612,4126810,-
priB,4425520,4425834,+
priC,490285,490812,-
prkB,3484490,3485359,+
prlC,3643140,3645182,-
prlF,3277002,3277337,+
prmA,3409070,3409951,+
prmB,2447508,2448440,-
prmC,1266094,1266927,+
proA,261503,262756,+
proB,260388,261491,+
proC,404835,405644,-
proK,3708616,3708692,-
proL,2286211,2286287,+
proM,3982735,3982811,+
proP,4330502,4332004,+
proQ,1914836,1915534,-
proS,217057,218775,-
proV,2804815,2806017,+
proW,2806010,2807074,+
proX,2807132,2808124,+
proY,420986,422359,+
prpB,348682,349572,+
prpC,350012,351181,+
prpD,351215,352666,+
prpE,352706,354592,+
prpR,346857,348443,-
prs,1260928,1261875,-
psaA,2777972,2777985,+
psd,4389392,4390360,-
psiE,4240325,4240735,+
psiF,403281,403601,+
pspA,1368079,1368747,+
pspB,1368801,1369025,+
pspC,1369025,1369384,+
pspD,1369393,1369614,+
pspE,1369689,1370003,+
pspF,1366935,1367912,-
pspG,4262840,4263082,+
pspH,4263139,4263249,+
pssA,2722727,2724082,+
pssL,2722702,2722743,+
pstA,3908549,3909439,-
pstB,3907593,3908366,-
pstC,3909439,3910398,-
pstS,3910485,3911525,-
psuG,2257429,2258367,-
psuK,2258355,2259296,-
psuT,2256085,2257335,-
pta,2414747,2416891,+
pth,1257929,1258513,-
ptrA,2955996,2958884,-
ptrB,1926779,1928839,-
ptsA,4139720,4142221,-
ptsG,1157869,1159302,+
ptsH,2533764,2534021,+
ptsI,2534066,2535793,+
ptsN,3346578,3347069,+
ptsP,2966188,2968434,-
punC,1739911,1741122,+
punR,1738866,1739798,-
purA,4404687,4405985,+
purB,1190616,1191986,-
purC,2596905,2597618,-
purD,4204642,4205931,-
purE,552591,553100,-
purF,2428721,2430238,-
purH,4205943,4207532,-
purK,551527,552594,-
purL,2691656,2695543,-
purM,2621197,2622234,+
purN,2622234,2622872,+
purR,1737844,1738869,+
purT,1930881,1932059,+
purU,1287782,1288624,-
putA,1074920,1078882,-
putP,1079305,1080813,+
puuA,1359490,1360908,-
puuB,1364232,1365512,+
puuC,1362743,1364230,+
puuD,1361120,1361884,+
puuE,1365550,1366815,+
puuP,1357802,1359187,-
puuR,1361911,1362468,+
pxpA,745165,745899,+
pxpB,743593,744249,+
pxpC,744243,745175,+
pykA,1937649,1939091,+
pykF,1755698,1757110,+
pyrB,4471460,4472395,-
pyrC,1121561,1122607,-
pyrD,1004768,1005778,+
pyrE,3815127,3815768,-
pyrF,1341921,1342658,+
pyrG,2908029,2909666,-
pyrH,191855,192580,+
pyrI,4470986,4471447,-
pyrL,4472399,4472533,-
pyrR,2500383,2501117,+
pyrS,2498671,2500368,+
qmcA,514856,515773,-
qorA,4263248,4264231,-
qorB,4433164,4434024,-
qseB,3169828,3170487,+
qseC,3170484,3171833,+
qseG,2688793,2689506,-
queA,425011,426081,+
queC,464852,465547,-
queD,2892214,2892579,+
queE,2904747,2905418,-
queF,2925348,2926196,+
queG,4392928,4394067,-
quuD,573956,574339,+
racC,1417488,1417763,-
racR,1419765,1420241,-
radA,4625912,4627294,+
radD,2280632,2282392,+
raiA,2737154,2737495,+
raiZ,2737381,2737542,+
ralA,1413556,1413734,+
ralR,1413733,1413927,-
rapA,60358,63264,-
rapZ,3347115,3347969,+
rarA,937994,939337,+
rarD,4003288,4004178,-
ratA,2754288,2754764,-
ravA,3929597,3931093,-
rayT,247637,248134,+
rbbA,3626803,3629538,-
rbfA,3312777,3313178,-
rbn,2381608,2382525,+
rbsA,3933778,3935283,+
rbsB,3936278,3937168,+
rbsC,3935288,3936253,+
rbsD,3933351,3933770,+
rbsK,3937294,3938223,+
rbsR,3938227,3939219,+
rbsZ,3937045,3937278,+
rcbA,1413531,1413740,-
rcdA,887423,887959,+
rcdB,3672414,3673313,+
rclA,318676,320001,-
rclB,318331,318567,-
rclC,317726,318319,-
rclR,320227,321081,+
rcnA,2185917,2186741,+
rcnB,2186960,2187298,+
rcnR,2185524,2185796,-
rcsA,2023968,2024591,+
rcsB,2316177,2316827,+
rcsC,2317027,2319876,-
rcsD,2313488,2316160,+
rcsF,219591,219995,-
rdcA,4327135,4329363,+
rdcB,4329360,4330238,+
rdgB,3096681,3097274,+
rdgC,409108,410019,-
rdlA,1269323,1269389,+
rdlB,1269858,1269923,+
rdlC,1270393,1270460,+
rdlD,3700136,3700199,+
recA,2822708,2823769,-
recB,2952461,2956003,-
recC,2959060,2962428,-
recD,2950635,2952461,-
recE,1414786,1417386,-
recF,3880148,3881221,-
recG,3825210,3827291,+
recJ,3036373,3038106,-
recN,2751795,2753456,+
recO,2701741,2702469,-
recQ,4005864,4007693,+
recR,494405,495010,+
recT,1413984,1414793,-
recX,2822139,2822639,-
relA,2911417,2913651,-
relB,1645633,1645872,-
relE,1645346,1645633,-
rem,1644651,1644902,-
renD,566684,568247,+
rep,3960677,3962698,+
rfaD,3793987,3794919,+
rfaH,4024333,4024821,-
rfbA,2110138,2111019,-
rfbB,2111976,2113061,-
rfbC,2109581,2110138,-
rfbD,2111077,2111976,-
rfbX,2108337,2109584,-
rfe,3967916,3969019,+
rffC,3974467,3975141,+
rffG,3972522,3973589,+
rffH,3973608,3974489,+
rffM,3979956,3980696,+
rflP,1791307,1792020,-
rhaA,4094723,4095982,-
rhaB,4095979,4097448,-
rhaD,4093448,4094272,-
rhaM,4093124,4093438,-
rhaR,4098646,4099494,+
rhaS,4097736,4098572,+
rhaT,4099491,4100525,-
rhlB,3964365,3965630,-
rhlE,830872,832236,+
rhmD,2360209,2361414,-
rho,3966417,3967676,+
rhoL,3966231,3966332,+
rhsA,3762183,3766316,+
rhsB,3619192,3623427,+
rhsC,729583,733776,+
rhsD,523261,527541,+
rhsE,1527890,1529938,+
rhtA,849210,850097,-
rhtB,4008439,4009059,-
rhtC,4007757,4008377,+
ribA,1338570,1339160,-
ribB,3183813,3184466,-
ribC,1742601,1743242,-
ribD,433455,434558,+
ribE,434647,435117,+
ribF,21407,22348,+
ridA,4470527,4470913,-
rihA,683477,684412,-
rihB,2254245,2255186,-
rihC,27293,28207,+
rimI,4608185,4608631,+
rimJ,1125562,1126146,+
rimK,891967,892869,+
rimL,1498938,1499477,+
rimM,2745370,2745918,-
rimO,876710,878035,-
rimP,3317554,3318006,-
rirA,3808166,3808238,-
rlhA,1506781,1508742,+
rlmA,1906251,1907060,-
rlmB,4409275,4410006,+
rlmC,898518,899645,+
rlmD,2913699,2915000,-
rlmE,3327035,3327664,-
rlmF,842332,843258,+
rlmG,3234739,3235875,-
rlmH,668248,668715,-
rlmI,1028779,1029969,-
rlmJ,3645385,3646227,+
rlmL,1007844,1009952,+
rlmM,2940143,2941243,-
rlmN,2643129,2644283,-
rlpA,664102,665190,-
rluA,59687,60346,-
rluB,1326852,1327727,+
rluC,1144940,1145899,+
rluD,2735031,2736011,-
rluE,1194298,1194951,-
rluF,4230354,4231226,+
rmf,1015715,1015882,+
rmuC,4017333,4018760,+
rna,644197,645003,-
rnb,1346978,1348912,-
rnc,2703383,2704063,-
rnd,1886864,1887991,-
rne,1141182,1144367,-
rng,3396326,3397795,-
rnhA,235535,236002,-
rnhB,204493,205089,+
rnk,643557,643967,-
rnlA,2765918,2766991,+
rnlB,2766984,2767355,+
rnm,1323220,1324101,+
rnpA,3884493,3884852,+
rnpB,3270216,3270592,-
rnr,4406654,4409095,+
rnt,1728347,1728994,+
rob,4634441,4635310,-
rodZ,2641831,2642844,-
rof,213678,213932,-
roxA,1187119,1188240,-
rpe,3514382,3515059,-
rph,3815863,3816549,-
rpiA,3058666,3059325,-
rpiB,4313350,4313799,+
rplA,4178879,4179583,+
rplB,3450543,3451364,-
rplC,3452297,3452926,-
rplD,3451681,3452286,-
rplE,3446899,3447438,-
rplF,3445607,3446140,-
rplI,4426108,4426557,+
rplJ,4179996,4180493,+
rplK,4178447,4178875,+
rplL,4180560,4180925,+
rplM,3378223,3378651,-
rplN,3447778,3448149,-
rplO,3444105,3444539,-
rplP,3448759,3449169,-
rplQ,3439616,3439999,-
rplR,3445244,3445597,-
rplS,2744183,2744530,-
rplT,1799393,1799749,-
rplU,3333140,3333451,-
rplV,3449901,3450233,-
rplW,3451382,3451684,-
rplX,3447453,3447767,-
rplY,2282517,2282801,+
rpmA,3332862,3333119,-
rpmB,3811438,3811674,-
rpmC,3448568,3448759,-
rpmD,3444543,3444722,-
rpmE,4127013,4127225,+
rpmF,1147367,1147540,+
rpmG,3811250,3811417,-
rpmH,3884336,3884476,+
rpmI,1799802,1799999,-
rpmJ,3442618,3442734,-
rpnA,3543167,3544045,+
rpnB,2422649,2423539,-
rpnC,146968,147870,+
rpnD,4568998,4569918,+
rpnE,2356904,2357803,+
rpoA,3440040,3441029,-
rpoB,4181245,4185273,+
rpoC,4185350,4189573,+
rpoD,3213047,3214888,+
rpoE,2709437,2710012,-
rpoH,3599929,3600783,-
rpoN,3344717,3346150,+
rpoS,2866559,2867551,-
rpoZ,3822106,3822381,+
rppH,2968447,2968977,-
rprA,1770372,1770477,+
rpsA,961995,963668,+
rpsB,189874,190599,+
rpsC,3449182,3449883,-
rpsD,3441055,3441675,-
rpsE,3444726,3445229,-
rpsF,4425118,4425513,+
rpsG,3473542,3474081,-
rpsH,3446153,3446545,-
rpsI,3377815,3378207,-
rpsJ,3452959,3453270,-
rpsK,3441709,3442098,-
rpsL,3474178,3474552,-
rpsM,3442115,3442471,-
rpsN,3446579,3446884,-
rpsO,3311415,3311684,-
rpsP,2745937,2746185,-
rpsQ,3448314,3448568,-
rpsR,4425839,4426066,+
rpsS,3450248,3450526,-
rpsT,20815,21078,-
rpsU,3210781,3210996,+
rraA,4118845,4119330,-
rraB,4478473,4478889,+
rrfA,4040517,4040636,+
rrfB,4171637,4171756,+
rrfC,3946700,3946819,+
rrfD,3423668,3423787,-
rrfE,4213040,4213159,+
rrfF,3423423,3423542,-
rrfG,2726069,2726188,-
rrfH,228756,228875,+
rrlA,4037519,4040423,+
rrlB,4168641,4171544,+
rrlC,3943704,3946607,+
rrlD,3423880,3426783,-
rrlE,4210043,4212946,+
rrlG,2726281,2729184,-
rrlH,225759,228662,+
rrrD,577613,578110,+
rrrQ,1639524,1640057,-
rrsA,4035531,4037072,+
rrsB,4166659,4168200,+
rrsC,3941808,3943349,+
rrsD,3427221,3428762,-
rrsE,4208147,4209688,+
rrsG,2729616,2731157,-
rrsH,223771,225312,+
rsd,4196332,4196808,-
rseA,2708754,2709404,-
rseB,2707798,2708754,-
rseC,2707322,2707801,-
rseD,2710009,2710164,-
rseP,196546,197898,+
rseX,2033649,2033739,+
rsfS,668719,669036,-
rsgA,4390457,4391509,-
rsmA,51609,52430,-
rsmB,3435207,3436496,+
rsmC,4606669,4607700,-
rsmD,3604393,3604989,+
rsmE,3091134,3091865,+
rsmF,1920223,1921662,+
rsmG,3923057,3923680,-
rsmH,90094,91035,+
rsmI,3292475,3293335,-
rsmJ,3642380,3643132,-
rspA,1653927,1655141,-
rspB,1652896,1653915,-
rspR,1628352,1629038,+
rssA,1289245,1290150,+
rssB,1290242,1291255,+
rstA,1682159,1682878,+
rstB,1682882,1684183,+
rsuA,2279788,2280483,-
rsxA,1705767,1706348,+
rsxB,1706348,1706926,+
rsxC,1706919,1709141,+
rsxD,1709142,1710200,+
rsxE,1710828,1711523,+
rsxG,1710204,1710824,+
rtcA,3555833,3556849,-
rtcB,3556853,3558079,-
rtcR,3558268,3559866,+
rttR,1287066,1287236,-
rusA,573371,573733,+
rutA,1072863,1074011,-
rutB,1072171,1072863,-
rutC,1071773,1072159,-
rutD,1070965,1071765,-
rutE,1070365,1070955,-
rutF,1069860,1070354,-
rutG,1068511,1069839,-
rutR,1074242,1074880,+
ruvA,1945365,1945976,-
ruvB,1944346,1945356,-
ruvC,1946855,1947376,-
rybA,852725,853064,-
rybB,887979,888057,-
rydB,1764713,1764780,-
rydC,1491442,1491506,-
ryeA,1923066,1923337,+
ryfA,2653855,2654158,+
ryfD,2734153,2734295,-
ryhB,3580922,3581016,-
ryjA,4277926,4278066,-
ryjB,4527977,4528066,+
rzoD,578327,578509,+
rzoQ,1639080,1639334,-
rzoR,1423400,1423585,+
rzpD,578107,578568,+
rzpQ,1639030,1639527,-
rzpR,1423345,1423644,+
sad,1613315,1614703,-
safA,1583762,1583959,-
sanA,2232878,2233597,+
sapA,1355467,1357110,-
sapB,1354505,1355470,-
sapC,1353628,1354518,-
sapD,1352636,1353628,-
sapF,1351828,1352634,-
satP,9928,10494,-
sbcB,2082756,2084183,+
sbcC,412607,415753,-
sbcD,415750,416952,-
sbmA,396639,397859,+
sbmC,2080789,2081262,-
sbp,4108834,4109823,+
scpA,3060850,3062994,+
scpB,3063993,3064778,+
scpC,3064802,3066280,+
sdaA,1896932,1898296,+
sdaB,2929576,2930943,+
sdaC,2928229,2929518,+
sdhA,755907,757673,+
sdhB,757689,758405,+
sdhC,755177,755566,+
sdhD,755560,755907,+
sdhE,3040804,3041070,-
sdhX,765050,765150,+
sdiA,1996110,1996832,-
sdsN,1996921,1997057,+
sdsR,1923104,1923207,-
secA,108279,110984,+
secB,3783661,3784128,-
secD,427647,429494,+
secE,4177358,4177741,+
secF,429505,430476,+
secG,3322173,3322505,-
secM,107705,108217,+
secY,3442766,3444097,-
selA,3759858,3761249,-
selB,3758017,3759861,-
selC,3836222,3836316,+
selD,1846965,1848008,-
selO,1789808,1791244,-
selU,530132,531226,-
seqA,712987,713532,+
serA,3057178,3058410,-
serB,4624895,4625863,+
serC,957653,958741,+
serS,939428,940720,+
serT,1031625,1031712,-
serU,2043468,2043557,-
serV,2818553,2818645,-
serW,925884,925971,-
serX,1097565,1097652,-
setA,77621,78799,+
setB,2263863,2265044,+
setC,3836953,3838137,+
sfmA,558212,558754,+
sfmC,558974,559666,+
sfmD,559697,562300,+
sfmF,563330,563845,+
sfmH,562336,563319,+
sfsA,160782,161486,-
sfsB,3334909,3335187,+
sgbE,3750086,3750781,+
sgbH,3748577,3749239,+
sgbU,3749232,3750092,+
sgcA,4527549,4527980,-
sgcB,4530255,4530533,-
sgcC,4528930,4530243,-
sgcE,4526905,4527537,-
sgcQ,4528111,4528917,-
sgcR,4526106,4526888,-
sgcX,4530530,4531651,-
sgrR,75644,77299,-
sgrS,77367,77593,+
sgrT,77388,77519,+
shiA,2053643,2054959,+
shoB,2700117,2700197,-
sibA,2153311,2153454,+
sibB,2153646,2153781,+
sibC,3056851,3056991,+
sibD,3194721,3194865,-
sibE,3195097,3195240,-
sieB,1418671,1419159,+
sixA,2456327,2456812,-
skp,200482,200967,+
slmA,3814494,3815090,+
slp,3653961,3654527,+
slt,4630733,4632670,+
slyA,1720390,1720824,-
slyB,1719876,1720343,+
slyD,3477907,3478497,-
slyX,3477640,3477858,+
smf,3432436,3433560,-
smg,3431991,3432464,-
smpB,2754896,2755378,+
smrA,1405979,1406542,+
smrB,2448606,2449157,+
sodA,4100810,4101430,+
sodB,1735378,1735959,+
sodC,1724134,1724655,-
sohB,1329332,1330381,+
sokA,3722077,3722111,+
sokB,1492119,1492175,+
sokC,16952,17010,+
sokE,607733,607792,-
sokX,2887353,2887411,+
solA,1119468,1120586,-
soxR,4277469,4277933,+
soxS,4277060,4277383,-
speA,3083935,3085911,-
speB,3082877,3083797,-
speC,3107020,3109155,-
speD,134788,135582,-
speE,135598,136464,-
speF,718262,720460,-
speFL,720718,720822,-
speG,1656184,1656744,+
spf,4049899,4050009,+
spoT,3822400,3824508,+
sppA,1848837,1850693,+
spy,1825140,1825625,-
sra,1555826,1555963,-
sraB,1146589,1146757,+
sraG,3311183,3311398,+
srkA,4042415,4043401,+
srlA,2825832,2826395,+
srlB,2827362,2827733,+
srlD,2827737,2828516,+
srlE,2826392,2827351,+
srlR,2829047,2829820,+
srmB,2712896,2714230,+
sroA,75516,75608,-
sroC,686681,686843,-
sroE,2640595,2640686,-
sroH,4190327,4190487,-
ssb,4274125,4274661,+
sseA,2652494,2653339,+
sseB,2654157,2654933,-
ssnA,3019161,3020489,+
sspA,3376782,3377420,-
sspB,3376279,3376776,-
ssrA,2755593,2755955,+
ssrS,3055983,3056165,+
sstT,3239944,3241188,+
ssuA,995985,996944,-
ssuB,993277,994044,-
ssuC,994041,994832,-
ssuD,994843,995988,-
ssuE,996937,997512,-
stfE,1209119,1209655,-
stfQ,1634885,1635847,-
stfR,1429049,1432411,+
sthA,4159390,4160790,-
stpA,2798091,2798495,-
sucA,758706,761507,+
sucB,761522,762739,+
sucC,763014,764180,+
sucD,764180,765049,+
sufA,1764018,1764386,-
sufB,1762522,1764009,-
sufC,1761766,1762512,-
sufD,1760520,1761791,-
sufE,1758874,1759290,-
sufS,1759303,1760523,-
suhB,2663442,2664245,+
sulA,1020410,1020919,-
surA,53416,54702,-
sutR,1506172,1506708,+
sxy,1021138,1021767,+
syd,2924735,2925280,-
symE,4579499,4579840,-
symR,4579835,4579911,+
tabA,4474862,4475314,+
tadA,2697354,2697857,-
tag,3713092,3713655,+
talA,2578666,2579616,+
talB,8238,9191,+
tam,1607346,1608104,+
tamA,4442382,4444115,+
tamB,4444112,4447891,+
tap,1969383,1970984,-
tapT,2719223,2719921,+
tar,1971030,1972691,-
tas,2971597,2972637,+
tatA,4021945,4022214,+
tatB,4022218,4022733,+
tatC,4022736,4023512,+
tatD,4023554,4024336,+
tatE,658947,659150,+
tauA,385232,386194,+
tauB,386207,386974,+
tauC,386971,387798,+
tauD,387795,388646,+
tcdA,2945036,2945842,-
tcyJ,1999585,2000385,-
tcyL,1997811,1998479,-
tcyN,1997062,1997814,-
tcyP,1810934,1812325,+
tdcA,3266127,3267065,-
tdcB,3265039,3266028,-
tdcC,3263686,3265017,-
tdcD,3262452,3263660,-
tdcE,3260124,3262418,-
tdcF,3259721,3260110,-
tdcG,3258285,3259649,-
tdcR,3267380,3267598,+
tdh,3790320,3791345,-
tdk,1293527,1294144,+
tehA,1500573,1501565,+
tehB,1501562,1502155,+
tesA,519139,519765,-
tesB,474301,475161,-
tfaD,581534,582097,+
tfaE,1208517,1209119,-
tfaP,1208132,1208545,+
tfaQ,1634310,1634885,-
tfaR,1432411,1432986,+
tfaS,2470803,2471105,+
tfaX,582875,583060,+
tff,189712,189847,+
tgt,426137,427264,+
thiB,74497,75480,-
thiC,4194204,4196099,-
thiD,2183716,2184516,-
thiE,4193569,4194204,-
thiF,4192821,4193576,-
thiG,4191865,4192635,-
thiH,4190735,4191868,-
thiI,441549,442997,+
thiK,1163260,1164084,+
thiL,435634,436611,+
thiM,2184513,2185301,-
thiP,72911,74521,-
thiQ,72229,72927,-
thiS,4192637,4192837,-
thpR,161501,162031,-
thrA,337,2799,+
thrB,2801,3733,+
thrC,3734,5020,+
thrL,190,255,+
thrS,1800642,1802570,-
thrT,4175754,4175829,+
thrU,4175388,4175463,+
thrV,3423580,3423655,-
thrW,262871,262946,+
thyA,2964361,2965155,-
tig,455133,456431,+
tilS,212331,213629,+
timP,2654001,2654126,+
timR,2653356,2653455,-
tisB,3853553,3853642,+
tktA,3079644,3081635,-
tktB,2579636,2581639,+
tldD,3390583,3392028,-
tldE,4457959,4459311,+
tmaR,2079032,2079361,-
tmcA,2593844,2595859,-
tmk,1155124,1155765,+
tnaA,3888730,3890145,+
tnaB,3890236,3891483,+
tnaC,3888435,3888509,+
tolA,776342,777607,+
tolB,777740,779032,+
tolC,3178115,3179596,+
tolQ,775153,775845,+
tolR,775849,776277,+
tomB,480334,480708,-
tonB,1311089,1311808,+
topA,1331048,1333645,+
topAI,4533796,4534053,-
topB,1844999,1846960,-
torA,1059256,1061802,+
torC,1058084,1059256,+
torD,1061799,1062398,+
torI,2476310,2476510,+
torR,1057262,1057954,-
torS,1053434,1056178,-
torT,1056261,1057289,+
torY,1957032,1958132,-
torZ,1954578,1957007,-
tpiA,4110740,4111507,-
tpr,1287087,1287176,-
tpx,1388305,1388811,-
tqsA,1673913,1674947,+
treA,1245679,1247376,-
treB,4464759,4466180,-
treC,4463054,4464709,-
treF,3669592,3671241,+
treR,4466299,4467246,-
trg,1492470,1494110,+
trhO,1116807,1117859,+
trhP,2165668,2167029,+
trkA,3436518,3437894,+
trkG,1423782,1425239,+
trkH,4033145,4034596,+
trmA,4162170,4163270,-
trmB,3102133,3102852,-
trmD,2744572,2745339,-
trmH,3824515,3825204,+
trmJ,2662583,2663323,-
trmL,3781215,3781688,+
trmO,218887,219594,-
trpA,1316416,1317222,-
trpB,1317222,1318415,-
trpC,1318427,1319788,-
trpD,1319789,1321384,-
trpE,1321384,1322946,-
trpL,1323038,1323082,-
trpR,4632760,4633086,+
trpS,3512634,3513638,-
trpT,3946957,3947032,+
truA,2434824,2435636,-
truB,3311833,3312777,-
truC,2923002,2923784,-
truD,2870255,2871304,-
trxA,3965761,3966090,+
trxB,931085,932050,-
trxC,2718735,2719154,+
tsaB,1890572,1891267,-
tsaC,3430843,3431415,-
tsaD,3209530,3210543,-
tsaE,4395585,4396046,+
tsf,190857,191708,+
tsgA,3492568,3493749,+
tsr,4591657,4593312,+
tsuA,2084467,2085525,-
tsuB,2084226,2084453,-
tsx,431129,432013,-
ttcA,1411013,1411948,-
ttcC,1434958,1435008,-
ttdA,3206463,3207374,+
ttdB,3207371,3207976,+
ttdR,3205324,3206256,-
ttdT,3208024,3209487,+
tufA,3470145,3471329,-
tufB,4175944,4177128,+
tus,1684259,1685188,+
tusA,3608751,3608996,-
tusB,3474678,3474965,-
tusC,3474973,3475332,-
tusD,3475332,3475718,-
tusE,1030339,1030668,-
tynA,1449076,1451349,-
tyrA,2738948,2740069,-
tyrB,4267114,4268307,+
tyrP,1989681,1990892,+
tyrR,1386720,1388261,+
tyrS,1715948,1717222,-
tyrT,1287538,1287622,-
tyrU,4175472,4175556,+
tyrV,1287244,1287328,-
uacT,3031367,3032815,+
ubiA,4253016,4253888,+
ubiB,4020226,4021866,+
ubiC,4252506,4253003,+
ubiD,4024988,4026481,+
ubiE,4018855,4019610,+
ubiF,695101,696276,+
ubiG,2339567,2340289,+
ubiH,3052340,3053518,-
ubiI,3051115,3052317,-
ubiJ,4019624,4020229,+
ubiK,3184840,3185130,+
ubiT,3300752,3301276,-
ubiU,3301485,3302480,+
ubiV,3302489,3303367,+
ubiX,2428057,2428626,-
ucpA,2543832,2544623,-
udk,2142307,2142948,-
udp,4016431,4017192,+
ugd,2098447,2099613,-
ugpA,3590024,3590911,-
ugpB,3591009,3592325,-
ugpC,3588110,3589180,-
ugpE,3589182,3590027,-
ugpQ,3587370,3588113,-
uhpA,3850136,3850726,-
uhpB,3848634,3850136,-
uhpC,3847305,3848624,-
uhpT,3845776,3847167,-
uhpU,3845730,3845995,-
uidA,1694260,1696071,-
uidB,1692890,1694263,-
uidC,1691586,1692851,-
uidR,1696462,1697052,-
ulaA,4419980,4421377,+
ulaB,4421393,4421698,+
ulaC,4421708,4422172,+
ulaD,4422186,4422836,+
ulaE,4422846,4423700,+
ulaF,4423700,4424386,+
ulaG,4418561,4419625,-
ulaR,4417698,4418453,-
umpG,2869513,2870274,-
umpH,699574,700326,-
umuC,1231186,1232454,+
umuD,1230767,1231186,+
ung,2716754,2717443,+
uof,710639,710725,-
upp,2620246,2620872,-
uraA,2618871,2620160,-
usg,2435636,2436649,-
ushA,504914,506566,+
uspA,3640111,3640545,+
uspB,3639385,3639720,-
uspC,1979753,1980181,+
uspD,4113293,4113721,+
uspE,1397672,1398622,-
uspF,1435185,1435619,-
uspG,641439,641867,-
uup,1009964,1011871,+
uvrA,4271049,4273871,-
uvrB,813526,815547,+
uvrC,1992874,1994706,-
uvrD,3997983,4000145,+
uvrY,1994703,1995359,-
uxaA,3241827,3243314,-
uxaB,1609229,1610680,-
uxaC,3243329,3244741,-
uxuA,4551636,4552820,+
uxuB,4552901,4554361,+
uxuR,4554576,4555349,+
valS,4480982,4483837,-
valT,780765,780840,+
valU,2520931,2521006,+
valV,1746435,1746511,+
valW,1746516,1746592,+
valX,2521051,2521126,+
valY,2521173,2521248,+
valZ,781068,781143,+
ves,1824362,1824937,-
viaA,3928152,3929603,-
vsr,2030448,2030918,-
waaA,3808540,3809817,+
waaB,3803058,3804137,-
waaC,3795979,3796938,+
waaF,3794929,3795975,+
waaG,3805943,3807067,-
waaH,3789047,3790081,-
waaJ,3800983,3801999,-
waaL,3796948,3798207,+
waaO,3802039,3803058,-
waaP,3805153,3805950,-
waaQ,3807064,3808098,-
waaS,3804181,3805116,-
waaU,3798239,3799312,-
waaY,3800267,3800965,-
waaZ,3799345,3800196,-
wbbH,2106060,2107226,-
wbbI,2105065,2106057,-
wbbJ,2104494,2105084,-
wbbK,2103391,2104509,-
wbbL,2101396,2103389,-
wcaA,2132558,2133397,-
wcaB,2132067,2132555,-
wcaC,2130853,2132070,-
wcaD,2129661,2130878,-
wcaE,2128904,2129650,-
wcaF,2128340,2128888,-
wcaI,2124523,2125746,-
wcaJ,2120160,2121554,-
wcaK,2117124,2118404,-
wcaL,2115907,2117127,-
wcaM,2114502,2115896,-
wecB,3970133,3971263,+
wecC,3971260,3972522,+
wecE,3975146,3976276,+
wecF,3977525,3978604,+
wecH,3725887,3726882,+
wrbA,1067112,1067708,-
wza,2136104,2137243,-
wzb,2135655,2136098,-
wzc,2133490,2135652,-
wzxC,2118680,2120158,-
wzxE,3976278,3977528,+
wzyE,3978601,3979953,+
wzzB,2097321,2098301,-
wzzE,3969031,3970077,+
xanP,3828945,3830336,+
xanQ,3024351,3025751,+
xapA,2524045,2524878,-
xapB,2522729,2523985,-
xapR,2521593,2522477,-
xdhA,3000345,3002603,+
xdhB,3002614,3003492,+
xdhC,3003489,3003968,+
xdhD,3021316,3024186,+
xerC,3996287,3997183,+
xerD,3038847,3039743,-
xisD,565858,566079,-
xisE,1200787,1201032,-
xisR,1413237,1413452,-
xseA,2634232,2635602,+
xseB,441101,441343,-
xthA,1832428,1833234,+
xylA,3729443,3730765,-
xylB,3727917,3729371,-
xylE,4240779,4242254,-
xylF,3731131,3732123,+
xylG,3732201,3733742,+
xylH,3733720,3734901,+
xylR,3734979,3736157,+
xylZ,3729386,3729545,-
xynR,288404,289162,-
yaaA,5683,6459,-
yaaI,11382,11786,-
yaaJ,6529,7959,-
yaaU,45807,47138,+
yaaW,10643,11356,-
yaaX,5234,5530,+
yaaY,21181,21399,+
yabI,71351,72115,+
yabP,58474,59124,+
yabQ,59121,59279,+
yabR,85467,85511,-
yacC,136570,136917,-
yacG,111649,111846,-
yacH,129407,131260,-
yacL,134388,134750,+
yacM,113244,113288,+
yadC,149715,150953,-
yadE,145081,146310,+
yadG,142779,143705,+
yadH,143702,144472,+
yadI,144577,145017,+
yadK,151003,151599,-
yadL,151626,152231,-
yadM,152243,152812,-
yadN,156299,156883,-
yadS,177001,177624,-
yadV,155461,156201,-
yadW,176552,176617,+
yadX,175048,175095,+
yaeF,216179,217003,-
yaeH,183709,184095,-
yaeI,184257,185069,-
yaeP,213925,214125,-
yaeQ,214291,214836,+
yaeR,211877,212266,+
yafC,229967,230881,-
yafD,231122,231922,+
yafE,231926,232549,+
yafF,239190,239378,+
yafJ,244327,245094,+
yafL,246712,247461,+
yafN,252005,252298,+
yafO,252301,252699,+
yafP,252709,253161,+
yafQ,245961,246239,-
yafS,234816,235538,+
yafT,237335,238120,+
yafU,238746,239084,-
yafV,239419,240189,-
yafW,263690,264007,-
yafX,264748,265206,-
yafY,266110,266553,-
yafZ,267184,268005,-
yagA,280829,281983,-
yagB,280385,280735,-
yagE,282278,283186,+
yagF,283201,285168,+
yagG,285395,286777,+
yagH,286789,288399,+
yagJ,291500,292231,+
yagK,292322,292948,-
yagL,293220,293918,-
yagM,293945,294799,-
yagN,295139,295579,-
yagP,297381,297791,-
yagU,302991,303605,+
yahB,333501,334433,-
yahC,334525,335022,-
yahD,335280,335885,+
yahE,335925,336788,+
yahF,336778,338325,+
yahG,338325,339743,+
yahH,339769,340089,+
yahI,340165,341115,+
yahJ,341125,342507,+
yahK,342884,343933,+
yahL,344176,344991,+
yahM,345404,345649,+
yahN,345666,346337,-
yahO,346484,346759,+
yahV,331802,331876,+
yaiA,406979,407170,+
yaiI,405764,406222,+
yaiL,376772,377311,+
yaiO,380069,380842,-
yaiP,382739,383935,-
yaiS,384059,384616,-
yaiT,390251,394418,+
yaiW,397872,398966,+
yaiX,380844,382872,-
yaiY,399025,399333,-
yaiZ,399593,399805,+
yajC,427287,427619,+
yajD,430605,430952,+
yajG,453589,454167,-
yajI,432312,432851,-
yajL,443051,443641,-
yajO,437161,438135,-
yajQ,444683,445174,+
yajR,445302,446666,-
ybaA,476672,477025,+
ybaB,494076,494405,+
ybaE,465612,467312,-
ybaK,506603,507082,-
ybaL,501562,503238,-
ybaM,490110,490271,-
ybaN,490882,491259,+
ybaP,507286,508080,-
ybaQ,508218,508559,+
ybaT,512576,513868,+
ybaV,463937,464308,+
ybaY,475379,475951,+
ybaZ,475982,476371,-
ybbA,519733,520419,+
ybbC,527581,527949,+
ybbD,528640,529130,+
ybbJ,514401,514859,-
ybbO,518340,519149,-
ybbP,520416,522830,+
ybbW,537633,539087,+
ybbY,540565,541866,+
ybcF,550439,551332,+
ybcH,587091,587981,-
ybcI,556032,556553,-
ybcJ,556661,556873,-
ybcK,568902,570428,+
ybcL,570893,571444,+
ybcM,571454,572251,+
ybcN,572466,572921,+
ybcO,573084,573374,+
ybcV,579184,579594,-
ybcW,579880,580086,+
ybcY,582152,582806,-
ybdD,632182,632379,+
ybdF,605518,605886,-
ybdG,603416,604663,-
ybdJ,605951,606199,-
ybdK,606265,607383,-
ybdL,633586,634746,+
ybdM,634747,635376,-
ybdN,635349,636569,-
ybdO,636716,637618,-
ybdR,642088,643326,+
ybdZ,613942,614160,+
ybeD,662379,662642,-
ybeF,660425,661378,-
ybeL,675018,675500,+
ybeM,658031,658818,+
ybeQ,675570,676547,-
ybeR,676711,677418,+
ybeT,678852,679406,-
ybeU,679508,680215,+
ybeX,690906,691784,-
ybeY,691874,692341,-
ybeZ,692338,693378,-
ybfA,729134,729340,+
ybfB,733776,734102,+
ybfC,735650,736219,+
ybfD,738092,738853,+
ybfE,711605,711898,-
ybfF,712038,712802,-
ybfG,715947,716597,-
ybfI,716721,716870,-
ybfL,736900,737961,+
ybfO,734220,735653,+
ybfP,715412,715906,+
ybfQ,736445,736699,+
ybgA,739001,739510,+
ybgC,774752,775156,+
ybgD,752229,752795,-
ybgE,774309,774602,+
ybgI,742827,743570,+
ybgO,747921,748982,-
ybgP,748979,749707,-
ybgQ,749722,752169,-
ybgS,784937,785317,-
ybgU,754674,754781,-
ybgV,754658,754690,-
ybhA,797613,798431,-
ybhB,807433,807909,-
ybhC,805998,807281,-
ybhD,799622,800575,-
ybhF,827245,828981,-
ybhG,828974,829972,-
ybhH,800759,801811,+
ybhI,801887,803320,+
ybhJ,803503,805764,+
ybhK,815739,816647,-
ybhL,819884,820588,+
ybhM,820793,821506,+
ybhN,821542,822498,-
ybhP,823736,824497,-
ybhQ,824630,825040,+
ybhR,825002,826108,-
ybhS,826119,827252,-
ybiA,832468,832950,-
ybiB,835248,836210,+
ybiE,837503,837562,+
ybiI,838190,838456,-
ybiJ,837665,837925,-
ybiO,843255,845480,-
ybiR,853647,854765,+
ybiT,855963,857555,+
ybiU,857796,859061,-
ybiV,859213,860028,-
ybiW,860174,862606,-
ybiX,838530,839207,-
ybiY,862612,863511,-
ybjC,890913,891200,+
ybjD,916473,918131,+
ybjG,882792,883388,-
ybjH,884946,885230,-
ybjI,885316,886131,-
ybjJ,886131,887339,-
ybjL,888134,889819,-
ybjM,890089,890466,+
ybjN,892957,893433,+
ybjO,897989,898477,+
ybjP,903952,904467,-
ybjQ,904593,904916,+
ybjS,905740,906753,-
ybjT,906852,908282,-
ybjX,918128,919120,-
ycaC,944931,945557,-
ycaD,945871,947019,+
ycaI,964320,966584,+
ycaK,949668,950258,+
ycaL,960264,961028,+
ycaM,947229,948659,+
ycaN,948660,949568,-
ycaO,954872,956632,-
ycaP,956762,957454,+
ycaQ,969389,970621,+
ycaR,970673,970855,+
ycbF,1003947,1004657,+
ycbJ,971752,972645,+
ycbU,1002889,1003431,+
ycbV,1003439,1003954,+
ycbX,1006491,1007600,-
ycbZ,1016539,1018299,-
yccA,1030759,1031418,-
yccE,1064036,1065292,+
yccF,1023902,1024348,-
yccJ,1066864,1067091,-
yccM,1052289,1053362,-
yccS,1021730,1023883,-
yccT,1027111,1027773,-
yccU,1027946,1028359,+
yccX,1030064,1030342,+
ycdU,1095843,1096829,+
ycdX,1098879,1099616,+
ycdY,1099640,1100194,+
ycdZ,1100296,1100787,+
yceB,1122713,1123273,-
yceD,1146794,1147315,+
yceF,1146011,1146595,-
yceH,1126157,1126804,+
yceI,1117901,1118476,-
yceJ,1118480,1119046,-
yceK,1113579,1113806,+
yceM,1126806,1127729,+
yceO,1119307,1119447,-
yceQ,1144502,1144822,+
ycfH,1156777,1157574,+
ycfJ,1167599,1168138,+
ycfK,1207501,1208130,+
ycfL,1162247,1162624,+
ycfP,1165143,1165685,+
ycfT,1174092,1175165,-
ycfZ,1180479,1181267,-
ycgB,1235709,1237241,-
ycgH,1219601,1222248,+
ycgI,1223564,1223907,+
ycgJ,1226600,1226968,+
ycgL,1227681,1228007,+
ycgM,1228079,1228738,+
ycgN,1228815,1229276,+
ycgR,1243793,1244527,-
ycgV,1253085,1255952,-
ycgX,1212703,1213107,-
ycgY,1245160,1245600,+
ycgZ,1215789,1216025,+
ychA,1267320,1268129,+
ychE,1298598,1299245,+
ychF,1256721,1257812,-
ychH,1258791,1259069,+
ychJ,1288674,1289132,-
ychN,1273246,1273599,-
ychO,1273784,1275178,+
ychQ,1266924,1267316,+
ychS,1286709,1286984,+
ychT,1298514,1298567,+
yciA,1311848,1312246,-
yciB,1312351,1312890,-
yciC,1312920,1313663,-
yciE,1314718,1315224,-
yciF,1315270,1315770,-
yciG,1315856,1316035,-
yciH,1342658,1342984,+
yciI,1310569,1310865,-
yciK,1328354,1329112,-
yciN,1330417,1330668,-
yciO,1324098,1324718,+
yciQ,1324746,1326641,+
yciT,1343597,1344346,-
yciU,1306821,1307150,-
yciW,1348980,1350107,-
yciX,1335291,1335458,+
yciY,1308788,1308961,+
yciZ,1344436,1344609,-
ycjD,1351407,1351760,-
ycjF,1385511,1386572,+
ycjG,1388930,1389895,+
ycjM,1370216,1371895,+
ycjN,1371909,1373201,+
ycjO,1373222,1374103,+
ycjP,1374090,1374932,+
ycjQ,1374963,1376015,+
ycjR,1376034,1376822,+
ycjS,1376832,1377887,+
ycjT,1377884,1380151,+
ycjU,1380148,1380807,+
ycjV,1380821,1381789,+
ycjW,1382963,1383961,-
ycjX,1384117,1385514,+
ycjY,1390933,1391853,-
ydaE,1417838,1418008,-
ydaF,1419156,1419311,-
ydaG,1419322,1419456,-
ydaS,1420365,1420661,+
ydaT,1420684,1421106,+
ydaU,1421119,1421976,+
ydaV,1421983,1422729,+
ydaW,1422752,1423312,+
ydaY,1425621,1425980,+
ydbA,1465392,1474013,+
ydbD,1475144,1477450,+
ydbH,1443051,1445690,+
ydbJ,1441058,1441324,+
ydbK,1437260,1440784,-
ydbL,1445880,1446206,+
ydcA,1491677,1491850,+
ydcC,1531816,1532952,+
ydcD,1529922,1530404,+
ydcF,1487235,1488035,+
ydcH,1498651,1498875,+
ydcI,1494148,1495071,-
ydcJ,1495288,1496631,+
ydcK,1499469,1500449,-
ydcL,1502457,1503125,+
ydcO,1504905,1506080,-
ydcR,1510003,1511409,+
ydcS,1511654,1512799,+
ydcT,1512817,1513830,+
ydcU,1513831,1514772,+
ydcV,1514762,1515556,+
ydcY,1517648,1517881,+
ydcZ,1517882,1518331,-
yddA,1577657,1579342,-
yddB,1575247,1577619,-
yddE,1534965,1535858,-
yddG,1546288,1547169,-
yddH,1533282,1533851,-
yddJ,1544384,1544719,-
yddK,1544758,1545714,-
yddL,1545738,1546028,-
yddM,1552398,1552682,-
yddY,1567178,1567219,-
ydeA,1617028,1618218,+
ydeE,1621332,1622519,+
ydeI,1624105,1624497,-
ydeJ,1624773,1625291,+
ydeM,1579633,1580790,-
ydeN,1580842,1582524,-
ydeO,1582926,1583687,-
ydeP,1584207,1586486,-
ydeQ,1586820,1587734,-
ydeR,1587793,1588296,-
ydeS,1588309,1588839,-
ydeT,1588853,1590001,-
ydfA,1648508,1648663,+
ydfB,1648665,1648793,+
ydfC,1648823,1649041,+
ydfD,1649794,1649985,+
ydfE,1650078,1650998,+
ydfG,1627517,1628263,+
ydfI,1629453,1630913,-
ydfJ,1631002,1632285,-
ydfK,1633072,1633305,+
ydfO,1637047,1637457,+
ydfR,1640054,1640365,-
ydfT,1642489,1643241,-
ydfU,1643255,1644304,-
ydfV,1645897,1646202,+
ydfW,1647174,1647323,-
ydfX,1647346,1647636,-
ydfZ,1629215,1629418,+
ydgA,1689852,1691360,+
ydgC,1681695,1682030,-
ydgD,1671960,1672781,+
ydgH,1678427,1679371,+
ydgI,1679557,1680939,+
ydgJ,1703268,1704308,-
ydgK,1705250,1705690,+
ydgU,1671777,1671860,+
ydhF,1724736,1725632,-
ydhI,1721025,1721261,+
ydhJ,1721264,1722121,+
ydhK,1722121,1724133,+
ydhL,1725681,1725920,-
ydhP,1736121,1737290,-
ydhQ,1744871,1746127,-
ydhR,1746700,1747005,+
ydhS,1747131,1748735,+
ydhT,1748747,1749559,-
ydhU,1749563,1750348,-
ydhV,1751728,1753830,-
ydhW,1751077,1751724,-
ydhX,1750345,1751013,-
ydhY,1753851,1754477,-
ydiB,1773789,1774655,+
ydiE,1789613,1789804,+
ydiF,1775587,1777182,+
ydiH,1764934,1765122,-
ydiJ,1765629,1768685,-
ydiK,1769074,1770186,+
ydiL,1770615,1770971,+
ydiM,1771071,1772285,+
ydiN,1772512,1773777,+
ydiO,1777196,1778347,+
ydiP,1778390,1779301,-
ydiQ,1779617,1780381,+
ydiR,1780401,1781339,+
ydiS,1781395,1782684,+
ydiT,1782681,1782974,+
ydiY,1805325,1806083,-
ydiZ,1807400,1807690,+
ydjA,1848125,1848676,-
ydjE,1852621,1853979,-
ydjF,1854096,1854854,-
ydjG,1854991,1855971,-
ydjH,1855981,1856928,-
ydjI,1856933,1857769,-
ydjJ,1857790,1858833,-
ydjK,1858850,1860229,-
ydjL,1860256,1861332,-
ydjM,1810211,1810801,+
ydjO,1812329,1813132,-
ydjX,1833401,1834111,+
ydjY,1834116,1834793,+
ydjZ,1834808,1835515,+
yeaC,1861702,1861974,-
yeaD,1863850,1864734,+
yeaE,1864782,1865636,-
yeaG,1866908,1868842,+
yeaH,1868955,1870238,+
yeaK,1873574,1874077,+
yeaL,1874352,1874798,+
yeaO,1876909,1877256,+
yeaQ,1879007,1879255,-
yeaR,1879589,1879948,-
yeaV,1883188,1884633,+
yeaW,1884665,1885789,+
yeaX,1885845,1886810,+
yeaY,1889951,1890532,-
yebB,1946251,1946853,+
yebC,1947411,1948151,-
yebE,1929048,1929707,-
yebF,1930034,1930390,-
yebG,1930457,1930747,-
yebK,1936652,1937521,+
yebO,1908261,1908548,-
yebQ,1910276,1911649,+
yebV,1921780,1922016,+
yebW,1922121,1922312,+
yebY,1923365,1923706,-
yebZ,1923719,1924591,-
yecA,1990954,1991619,-
yecD,1950832,1951398,+
yecE,1951395,1952213,+
yecF,1995818,1996042,+
yecH,1989251,1989490,-
yecJ,1987507,1987758,-
yecM,1959280,1959846,-
yecN,1952266,1952661,+
yecR,1988222,1988545,+
yecT,1961972,1962460,+
yecU,1995655,1995831,+
yecV,1961837,1961881,-
yedA,2029539,2030459,+
yedD,2007677,2008090,-
yedE,2008277,2009482,+
yedF,2009479,2009712,+
yedI,2028449,2029366,-
yedJ,2032384,2033079,-
yedK,2009821,2010489,+
yedL,2010600,2011079,+
yedN,2011223,2012351,-
yedP,2025511,2026326,+
yedS,2034051,2035243,+
yeeA,2079533,2080591,-
yeeH,2066068,2066154,-
yeeJ,2044938,2052014,+
yeeL,2052276,2053328,-
yeeN,2056858,2057574,+
yeeO,2058203,2059846,-
yeeP,2070786,2071211,+
yeeR,2074779,2076311,+
yeeS,2076308,2076754,+
yeeT,2076817,2077038,+
yeeW,2077940,2078134,+
yeeY,2087329,2088258,-
yeeZ,2088304,2089128,-
yefM,2089462,2089713,-
yegD,2147674,2149026,+
yegH,2137902,2139485,+
yegI,2149039,2150985,-
yegJ,2151185,2151646,+
yegL,2152469,2153128,-
yegP,2165189,2165521,+
yegR,2167989,2168306,-
yegS,2168712,2169611,+
yegT,2178821,2180098,+
yegU,2180095,2181099,+
yegV,2181096,2182061,+
yegW,2182035,2182781,-
yegX,2182833,2183651,-
yegZ,2167602,2167820,-
yehA,2187380,2188414,-
yehB,2188430,2190910,-
yehC,2190926,2191645,-
yehD,2191680,2192222,-
yehE,2192515,2192796,-
yehF,2196474,2197298,+
yehH,2197410,2200269,+
yehI,2200279,2203911,+
yehK,2203972,2204289,+
yehL,2204596,2205684,+
yehM,2205695,2207974,+
yehP,2207967,2209103,+
yehQ,2209100,2210944,+
yehR,2211225,2211686,+
yehS,2211726,2212196,-
yehW,2215745,2216476,-
yehX,2216481,2217407,-
yehY,2217400,2218557,-
yeiB,2241810,2242967,-
yeiE,2248737,2249618,-
yeiG,2243910,2244746,+
yeiH,2249717,2250766,+
yeiI,2251700,2252788,+
yeiL,2255355,2256014,+
yeiP,2265450,2266022,+
yeiQ,2266245,2267711,+
yeiR,2267829,2268815,+
yeiS,2233600,2233839,+
yeiW,2265041,2265295,-
yejA,2272364,2274178,+
yejB,2274179,2275273,+
yejE,2275273,2276298,+
yejF,2276300,2277889,+
yejG,2277893,2278237,-
yejK,2282940,2283947,-
yejL,2284129,2284356,+
yejO,2286390,2290180,-
yfaA,2334956,2336644,-
yfaE,2348514,2348768,+
yfaH,2349687,2349893,+
yfaL,2340417,2344169,-
yfaP,2327367,2328143,-
yfaQ,2328148,2329797,-
yfaS,2329798,2334402,-
yfaT,2334336,2334959,-
yfaU,2358042,2358845,-
yfaV,2358863,2360152,-
yfaX,2361429,2362211,-
yfaY,2362431,2363633,-
yfaZ,2363733,2364275,-
yfbK,2383995,2385722,-
yfbL,2385860,2386831,+
yfbM,2386934,2387437,+
yfbN,2387710,2388426,-
yfbO,2388635,2389057,+
yfbP,2389116,2389964,+
yfbR,2408862,2409461,+
yfbS,2409520,2411352,-
yfbU,2412100,2412594,-
yfbV,2412677,2413132,-
yfcA,2444751,2445560,-
yfcC,2417081,2418601,+
yfcD,2418634,2419176,-
yfcE,2419234,2419788,-
yfcF,2419841,2420485,-
yfcG,2420621,2421268,+
yfcH,2421708,2422601,+
yfcJ,2438942,2440120,-
yfcL,2443891,2444169,-
yfcO,2449228,2450049,-
yfcP,2450051,2450590,-
yfcQ,2450587,2451075,-
yfcR,2451072,2451584,-
yfcS,2451584,2452336,-
yfcU,2452356,2455001,-
yfcV,2455083,2455646,-
yfcZ,2460650,2460934,-
yfdC,2465301,2466233,+
yfdE,2488023,2489168,-
yfdF,2463012,2464070,+
yfdG,2467855,2468217,+
yfdH,2468214,2469134,+
yfdI,2469131,2470462,+
yfdK,2471077,2471517,-
yfdL,2471544,2472062,-
yfdM,2472112,2472387,-
yfdN,2472387,2472881,-
yfdO,2472878,2473246,-
yfdP,2473604,2473966,+
yfdQ,2474032,2474856,+
yfdR,2474984,2475520,+
yfdS,2475511,2475873,+
yfdT,2475873,2476178,+
yfdV,2489242,2490186,-
yfdX,2493767,2494402,-
yfdY,2495050,2495292,-
yfeC,2518467,2518811,+
yfeD,2518813,2519205,+
yfeH,2526946,2527944,+
yfeK,2537342,2537716,+
yfeN,2525127,2525891,+
yfeO,2509630,2510886,+
yfeR,2525930,2526856,-
yfeS,2537749,2538483,+
yfeW,2548102,2549406,+
yfeX,2549646,2550545,-
yfeY,2550641,2551216,-
yfeZ,2551277,2551726,-
yffB,2591247,2591603,+
yffL,2560257,2560898,+
yffM,2561368,2561613,+
yffN,2561625,2561993,+
yffO,2562111,2562527,+
yffP,2562524,2563117,+
yffQ,2563592,2563969,+
yffR,2563980,2564372,+
yffS,2564523,2565332,+
yfgD,2617578,2617937,+
yfgG,2629290,2629481,+
yfgH,2629792,2630310,+
yfgI,2630326,2630865,+
yfgJ,2635599,2635814,-
yfgM,2638663,2639283,-
yfgO,2614820,2615881,-
yfhH,2698759,2699607,+
yfhL,2699663,2699923,+
yfhM,2647326,2652287,-
yfhR,2664390,2665244,+
yfiB,2743625,2744107,+
yfiC,2712027,2712764,-
yfiE,2714439,2715320,-
yfiF,2717491,2718528,-
yfiH,2734303,2735034,-
yfiL,2741360,2741725,+
yfiM,2724128,2724451,+
yfiR,2741875,2742393,+
yfiS,2725925,2725987,+
yfjD,2748774,2750060,+
yfjF,2754008,2754298,-
yfjH,2757644,2758600,-
yfjI,2758985,2760394,+
yfjJ,2760547,2761173,+
yfjM,2765513,2765776,-
yfjP,2767710,2768573,+
yfjQ,2768665,2769486,+
yfjR,2769703,2770404,+
yfjS,2770681,2771124,+
yfjT,2771148,2771615,+
yfjU,2771840,2772154,-
yfjV,2772167,2773182,-
yfjW,2773318,2775021,+
yfjX,2775919,2776377,+
yfjY,2776386,2776868,+
yfjZ,2777115,2777432,+
ygaC,2799650,2799994,-
ygaH,2810344,2810679,+
ygaM,2800146,2800475,+
ygaP,2797520,2798044,+
ygaQ,2786397,2788649,+
ygaV,2797211,2797510,+
ygaY,2808316,2809493,+
ygaZ,2809617,2810354,+
ygbA,2856453,2856806,-
ygbE,2873014,2873337,-
ygbI,2860467,2861234,-
ygbJ,2861430,2862338,+
ygbK,2862335,2863501,+
ygbL,2863593,2864231,+
ygbM,2864236,2865012,+
ygbN,2865101,2866465,+
ygcE,2901896,2903374,+
ygcG,2905711,2906583,+
ygcN,2892657,2893928,+
ygcO,2893919,2894179,+
ygcP,2894196,2894771,+
ygcQ,2894919,2895779,-
ygcR,2895776,2896555,-
ygcS,2896533,2897870,-
ygcU,2897964,2899418,-
ygcW,2899488,2900273,-
ygdB,2962749,2963156,-
ygdD,2941236,2941631,-
ygdG,2931055,2931810,+
ygdI,2942918,2943145,-
ygdQ,2970420,2971133,+
ygdR,2971271,2971489,+
ygdT,2969330,2969476,-
ygeA,2979943,2980635,-
ygeF,2990554,2991043,+
ygeG,2991268,2991759,+
ygeH,2992094,2993470,+
ygeI,2993638,2993856,+
ygeK,2994460,2994903,-
ygeL,2994937,2995092,-
ygeN,2995314,2996020,-
ygeO,2995962,2996360,-
ygeP,2997689,2997988,-
ygeQ,2998034,2998828,-
ygeV,3004008,3005786,-
ygeW,3006262,3007452,+
ygeX,3007510,3008706,+
ygeY,3008764,3009975,+
ygfB,3054866,3055444,-
ygfF,3045158,3045901,-
ygfI,3066277,3067173,-
ygfK,3016060,3019158,+
ygfM,3020540,3021319,+
ygfS,3028524,3029012,-
ygfT,3029012,3030931,-
ygfX,3040416,3040823,-
ygfZ,3041313,3042293,+
yggC,3073976,3074689,-
yggE,3067340,3068080,-
yggF,3075217,3076182,-
yggI,3089755,3090252,+
yggL,3101807,3102133,-
yggM,3098558,3099565,-
yggN,3100904,3101623,-
yggP,3076179,3077456,-
yggR,3094100,3095080,-
yggS,3095098,3095802,+
yggT,3095820,3096386,+
yggU,3096383,3096673,+
yggX,3104093,3104368,+
yghA,3149662,3150546,+
yghB,3153563,3154222,+
yghD,3110590,3111126,-
yghE,3111128,3111988,-
yghF,3112054,3113049,-
yghG,3113067,3113477,-
yghJ,3114550,3119112,-
yghO,3129043,3130215,-
yghQ,3131341,3132408,-
yghR,3132454,3133212,-
yghS,3133244,3133957,-
yghT,3134131,3134823,+
yghU,3138727,3139593,+
yghW,3146450,3146737,-
yghX,3146856,3147691,-
ygiB,3179744,3180415,+
ygiC,3180421,3181581,+
ygiD,3181619,3182434,-
ygiF,3199664,3200965,-
ygiL,3185414,3185965,+
ygiM,3201207,3201827,+
ygiN,3173142,3173456,+
ygiQ,3158927,3161146,-
ygiS,3166111,3167718,-
ygiV,3168749,3169231,-
ygiW,3169284,3169676,-
ygiZ,3171879,3172211,-
ygjH,3220915,3221247,-
ygjI,3226234,3227667,+
ygjJ,3227801,3228871,+
ygjK,3228888,3231239,+
ygjP,3235960,3236463,+
ygjQ,3236540,3237232,+
ygjR,3237311,3238297,+
ygjV,3241193,3241744,-
yhaB,3267854,3268393,+
yhaC,3268415,3269602,+
yhaH,3252304,3252669,+
yhaI,3252911,3253267,+
yhaJ,3253318,3254214,-
yhaK,3254319,3255020,+
yhaL,3255043,3255207,+
yhaV,3277337,3277801,+
yhbE,3331770,3332735,-
yhbO,3298974,3299492,+
yhbP,3299472,3299915,-
yhbQ,3299966,3300268,+
yhbS,3300255,3300758,-
yhbW,3303448,3304455,+
yhbX,3319988,3321613,-
yhbY,3327790,3328083,+
yhcA,3362112,3362786,+
yhcC,3353121,3354050,-
yhcD,3362807,3365188,+
yhcE,3365185,3366929,+
yhcF,3366926,3367642,+
yhcG,3367827,3368954,+
yhcN,3385538,3385801,+
yhcO,3385857,3386129,-
yhdE,3397785,3398378,-
yhdH,3403484,3404458,+
yhdJ,3411653,3412537,+
yhdN,3439141,3439509,-
yhdP,3392458,3396258,-
yhdT,3407375,3407617,+
yhdU,3412621,3412800,+
yhdV,3418390,3418611,+
yhdW,3419042,3420066,+
yhdX,3420134,3421315,+
yhdY,3421325,3422428,+
yhdZ,3422436,3423194,+
yheO,3475718,3476440,-
yheS,3481289,3483202,+
yheT,3483202,3484224,+
yheU,3484218,3484436,+
yheV,3478592,3478792,-
yhfA,3485414,3485818,-
yhfG,3491453,3491620,-
yhfK,3486791,3488893,+
yhfL,3499448,3499615,+
yhfS,3504935,3506020,-
yhfT,3506032,3507336,-
yhfU,3507348,3507701,-
yhfW,3508587,3509813,-
yhfX,3509813,3510976,-
yhfY,3511060,3511422,-
yhfZ,3511439,3512344,-
yhgE,3530715,3532439,-
yhgF,3537385,3539706,+
yhgH,3544882,3545565,+
yhgN,3575071,3575664,+
yhgO,3573660,3573701,-
yhgP,3573679,3573708,-
yhhA,3586943,3587383,+
yhhH,3623399,3623782,+
yhhI,3624378,3625514,+
yhhJ,3625679,3626803,-
yhhL,3604979,3605248,+
yhhM,3605251,3605610,-
yhhN,3605751,3606377,+
yhhQ,3609217,3609882,+
yhhS,3610516,3611733,-
yhhT,3611865,3612914,+
yhhW,3578950,3579645,-
yhhX,3579768,3580805,-
yhhY,3581138,3581626,+
yhhZ,3581863,3583041,+
yhiD,3655255,3655902,-
yhiI,3629535,3630602,-
yhiJ,3630968,3632590,-
yhiL,3632852,3634458,-
yhiM,3634841,3635893,+
yhiN,3636208,3637410,-
yhiS,3651291,3653713,+
yhiY,3630665,3630778,-
yhjB,3671292,3671894,-
yhjD,3673362,3674375,+
yhjE,3674786,3676108,+
yhjG,3676290,3678350,-
yhjJ,3680444,3681940,-
yhjR,3695997,3696185,-
yhjV,3700563,3701834,+
yhjX,3710799,3712007,-
yhjY,3712236,3712934,-
yiaA,3726924,3727361,-
yiaB,3727407,3727748,-
yiaC,3713652,3714092,+
yiaD,3716547,3717206,+
yiaF,3718334,3719044,-
yiaG,3719478,3719768,+
yiaK,3742733,3743731,+
yiaL,3743743,3744210,+
yiaM,3744328,3744801,+
yiaN,3744804,3746081,+
yiaO,3746094,3747080,+
yiaT,3751128,3751868,-
yiaU,3751992,3752966,+
yiaV,3752963,3754099,-
yiaW,3754105,3754428,-
yiaY,3756676,3757827,-
yibA,3766337,3767179,+
yibF,3761347,3761955,-
yibG,3768177,3768638,+
yibH,3770243,3771379,-
yibI,3771382,3771744,-
yibJ,3767221,3767922,+
yibL,3776665,3777027,+
yibN,3784584,3785015,-
yibQ,3788101,3789060,+
yibS,3768639,3768890,+
yibT,3776171,3776380,-
yibU,3769948,3770146,+
yibV,3769345,3769680,+
yibW,3768892,3769256,+
yibX,3797772,3798014,-
yibY,3798039,3798149,-
yicC,3816676,3817539,+
yicG,3818874,3819491,+
yicH,3830457,3832166,+
yicI,3832219,3834537,-
yicJ,3834547,3835929,-
yicL,3838248,3839171,+
yicN,3841950,3842402,-
yicR,3811891,3812559,-
yicS,3840215,3840508,+
yicT,3836425,3836556,+
yicU,3838642,3838701,-
yidA,3876140,3876952,-
yidB,3877067,3877465,-
yidC,3885076,3886722,+
yidD,3884816,3885073,+
yidE,3864612,3866273,-
yidF,3855114,3855611,-
yidG,3855608,3855970,-
yidH,3855960,3856307,-
yidI,3856415,3856864,+
yidJ,3856911,3858404,-
yidK,3858401,3860116,-
yidL,3860283,3861176,+
yidP,3863899,3864615,+
yidQ,3867728,3868060,+
yidR,3868062,3869309,-
yidX,3875438,3876094,+
yidZ,3892765,3893724,+
yieE,3893881,3894630,+
yieF,3894652,3895218,+
yieH,3896774,3897439,+
yieK,3898671,3899393,-
yieL,3899408,3900577,-
yieP,3940635,3941327,-
yifB,3948449,3949969,-
yifK,3980887,3982272,+
yifL,3994522,3994725,+
yifN,3960012,3960460,-
yigA,3995583,3996290,+
yigB,3997183,3997899,+
yigE,4000292,4001056,-
yigF,4002419,4002799,-
yigG,4002813,4003193,-
yigI,4004230,4004697,-
yigL,4010200,4011000,+
yigZ,4032492,4033106,+
yihA,4050133,4050765,-
yihD,4042069,4042338,+
yihF,4044199,4045629,+
yihG,4045670,4046602,-
yihI,4051347,4051856,+
yihL,4060447,4061157,+
yihM,4061165,4062145,+
yihN,4062247,4063512,+
yihO,4064363,4065766,-
yihP,4065809,4067194,-
yihQ,4067240,4069276,-
yihR,4069475,4070401,-
yihS,4070515,4071756,-
yihT,4071773,4072651,-
yihU,4072675,4073571,-
yihV,4073739,4074635,+
yihX,4075553,4076152,+
yihY,4076146,4077018,+
yiiE,4079291,4079509,+
yiiF,4079751,4079969,+
yiiG,4087002,4088057,+
yiiM,4102822,4103496,+
yiiQ,4111615,4112214,-
yiiR,4112315,4112755,+
yiiS,4112967,4113266,+
yiiX,4127286,4127894,-
yijD,4161771,4162130,+
yijE,4136108,4137013,+
yijF,4137040,4137657,-
yijO,4147466,4148317,-
yjaA,4213234,4213617,+
yjaB,4213680,4214123,-
yjaG,4199504,4200094,+
yjaH,4200566,4201261,+
yjaZ,4189786,4190325,+
yjbB,4227731,4229362,+
yjbD,4231359,4231631,-
yjbE,4235906,4236148,+
yjbF,4236262,4236900,+
yjbG,4236897,4237634,+
yjbH,4237634,4239730,+
yjbI,4250703,4252283,+
yjbJ,4259237,4259446,+
yjbL,4260321,4260575,+
yjbM,4260599,4261306,+
yjbQ,4270238,4270654,+
yjbR,4270658,4271014,+
yjbS,4268809,4269012,-
yjbT,4239777,4240055,-
yjcB,4274760,4275041,-
yjcE,4279980,4281629,+
yjcF,4281783,4283075,-
yjcH,4284899,4285213,-
yjcO,4296436,4297125,-
yjcS,4304612,4306597,-
yjdC,4362733,4363308,-
yjdF,4344929,4345558,-
yjdI,4351843,4352073,+
yjdJ,4352085,4352357,+
yjdM,4326399,4326734,-
yjdN,4325298,4325741,-
yjdP,4313868,4314197,+
yjdQ,4362191,4362353,-
yjeH,4369156,4370412,-
yjeI,4372809,4373162,+
yjeJ,4373365,4374234,-
yjeM,4383839,4385341,+
yjeN,4385393,4385707,+
yjeO,4385704,4386018,+
yjeT,4404386,4404583,+
yjeV,4392892,4392945,+
yjfC,4413028,4414191,+
yjfF,4453583,4454578,+
yjfI,4410133,4410534,+
yjfJ,4410553,4411251,+
yjfK,4411302,4411961,+
yjfL,4411979,4412377,+
yjfM,4412387,4413025,+
yjfN,4416017,4416292,-
yjfP,4416952,4417701,+
yjfY,4424516,4424791,-
yjfZ,4426628,4427422,-
yjgA,4457314,4457865,-
yjgH,4472814,4473209,-
yjgL,4475437,4477251,+
yjgM,4479034,4479537,-
yjgN,4479730,4480926,+
yjgR,4488561,4490063,-
yjgX,4499593,4500791,-
yjgZ,4501260,4501589,+
yjhD,4506626,4506856,-
yjhE,4506861,4507109,+
yjhF,4520671,4522020,-
yjhG,4522127,4524094,-
yjhH,4524105,4525010,-
yjhI,4525015,4525803,-
yjhP,4532437,4533183,-
yjhQ,4533239,4533784,-
yjhR,4535015,4536031,+
yjhU,4519338,4520324,-
yjhV,4509804,4510133,+
yjhY,4532050,4532310,-
yjhZ,4534430,4534675,-
yjiA,4587909,4588865,-
yjiC,4555490,4556320,-
yjiG,4559539,4560000,-
yjiH,4559997,4560680,-
yjiJ,4561497,4562675,-
yjiK,4562743,4563603,-
yjiL,4563922,4564689,-
yjiM,4564699,4565850,-
yjiN,4565966,4567246,-
yjiR,4570162,4571574,-
yjiS,4571751,4571915,+
yjiT,4572414,4573931,+
yjiV,4574135,4576855,+
yjiX,4588876,4589079,-
yjjA,4599695,4600189,-
yjjB,4601624,4602097,-
yjjG,4608646,4609323,+
yjjI,4615515,4617065,-
yjjJ,4621769,4623100,+
yjjP,4602088,4602858,-
yjjQ,4603477,4604202,+
yjjU,4612411,4613484,+
yjjV,4613481,4614260,+
yjjW,4614680,4615543,-
yjjX,4633233,4633745,-
yjjY,4640402,4640542,+
yjjZ,4605804,4606040,+
yjtD,4640942,4641628,+
ykfA,268097,268960,-
ykfB,265620,266087,-
ykfC,272847,273992,+
ykfF,265304,265543,-
ykfG,264256,264732,-
ykfH,264026,264247,-
ykfI,263328,263669,-
ykfJ,253467,253733,+
ykfK,266776,266967,-
ykfL,266553,266774,-
ykfM,238257,238736,-
ykfN,263150,263212,-
ykfO,234288,234320,+
ykgA,316450,317136,-
ykgE,321608,322327,+
ykgF,322338,323765,+
ykgG,323758,324453,+
ykgH,324696,325364,-
ykgJ,303853,304182,-
ykgL,312112,312339,+
ykgM,312514,312777,-
ykgO,312374,312514,-
ykgP,313716,313805,-
ykgQ,317439,317567,+
ykgR,313141,313242,-
ykgS,290510,290638,+
ykgV,294918,295142,-
ykiA,408609,408950,+
ykiC,383960,384079,+
ykiD,408947,409030,+
ykiE,4518372,4518440,+
ylaC,478781,479251,-
ylbE,548357,549616,+
ylbF,549627,550442,+
ylbG,529645,530016,-
ylbH,527949,528659,+
ylbI,529497,529592,+
ylcG,573730,573870,+
ylcH,572368,572469,+
ylcI,580251,580445,-
ylcJ,568695,568844,+
yldA,643330,643419,-
yliI,878742,879857,+
yliM,850332,850397,+
yljB,922740,922814,+
ymcE,1051847,1052077,+
ymcF,1051684,1051872,+
ymdA,1105414,1105725,+
ymdB,1105820,1106353,+
ymdE,1095544,1095846,+
ymdF,1068081,1068254,+
ymdG,1079120,1079146,+
ymfA,1181264,1181725,-
ymfD,1196867,1197532,-
ymfE,1197533,1198237,-
ymfH,1201069,1201380,-
ymfI,1201497,1201838,+
ymfJ,1201776,1202084,-
ymfK,1202259,1202933,-
ymfL,1203268,1203825,+
ymfM,1203822,1204160,+
ymfN,1204170,1205537,+
ymfQ,1206913,1207497,+
ymfR,1205549,1205731,+
ymfT,1203024,1203224,+
ymgA,1216068,1216340,+
ymgC,1216748,1216996,+
ymgD,1222305,1222634,-
ymgE,1244728,1244982,+
ymgF,1218983,1219201,+
ymgG,1222644,1222988,-
ymgI,1222990,1223163,-
ymgJ,1223264,1223449,+
ymgK,1212260,1212304,-
ymgL,1212540,1212650,-
ymgM,1240260,1240463,+
ymgN,1227368,1227427,+
ymiA,1335148,1335288,+
ymiB,1346796,1346900,+
ymiC,1335572,1335667,+
ymiD,1344647,1344775,+
ymjA,1357423,1357668,-
ymjB,1381789,1381902,+
ymjC,1390680,1390862,-
ymjD,1390868,1390933,-
ymjE,1359177,1359341,-
ynaA,1426454,1427482,+
ynaE,1433991,1434224,-
ynaI,1394891,1395922,-
ynaJ,1397365,1397622,+
ynaK,1425377,1425640,+
ynaL,1409308,1409481,+
ynaM,1434293,1434406,-
ynaN,1407989,1408036,+
ynbA,1477621,1478226,+
ynbB,1478226,1479122,+
ynbC,1479138,1480895,+
ynbD,1480909,1482201,+
ynbE,1445687,1445872,+
ynbG,1465165,1465230,-
yncD,1520963,1523065,-
yncE,1523307,1524368,+
yncG,1526247,1526864,+
yncH,1526940,1527152,+
yncI,1530586,1531639,+
yncJ,1508834,1509064,-
yncK,1503218,1503649,-
yncL,1517099,1517194,-
yncO,1530319,1530504,-
yncP,1491876,1491944,+
yneE,1608108,1609022,-
yneG,1611966,1612325,-
yneJ,1614804,1615685,+
yneK,1615763,1616878,+
yneL,1590334,1590536,-
yneO,1592665,1598086,-
yneP,1579545,1579667,+
ynfA,1655347,1655673,-
ynfB,1655808,1656149,+
ynfC,1656747,1657457,-
ynfD,1657565,1657870,+
ynfE,1658069,1660495,+
ynfF,1660556,1662979,+
ynfG,1662990,1663607,+
ynfH,1663609,1664463,+
ynfL,1668699,1669592,-
ynfM,1669699,1670952,+
ynfN,1637954,1638109,-
ynfO,1636756,1636989,+
ynfP,1652728,1652838,-
ynfQ,1638256,1638444,-
ynfR,1638188,1638253,-
ynfS,1642122,1642211,+
ynfT,1632890,1633003,+
ynfU,1640805,1640975,+
ynhH,1755496,1755690,+
yniA,1807796,1808656,+
yniB,1808697,1809233,-
yniD,1805165,1805272,+
ynjA,1835515,1836063,+
ynjB,1836073,1837239,+
ynjC,1837212,1838747,+
ynjD,1838747,1839400,+
ynjE,1839467,1840774,+
ynjF,1840783,1841403,-
ynjH,1841863,1842135,-
ynjI,1843831,1844871,-
yoaA,1891325,1893235,-
yoaB,1893367,1893711,+
yoaC,1894133,1894432,+
yoaE,1900029,1901585,-
yoaF,1877278,1877532,-
yoaG,1879403,1879585,-
yoaH,1894552,1894731,-
yoaI,1874078,1874182,-
yoaJ,1878874,1878948,+
yoaK,1878773,1878871,+
yoaL,1901573,1901731,-
yoaM,2347350,2347385,-
yobA,1924595,1924969,-
yobB,1925440,1926096,+
yobD,1904801,1905259,+
yobF,1907448,1907591,-
yobH,1908925,1909164,+
yobI,1946115,1946180,-
yodB,2042368,2042898,+
yodC,2028188,2028370,-
yodD,2024986,2025213,+
yodE,2470497,2470643,-
yoeA,2068635,2070474,+
yoeB,2089211,2089465,-
yoeD,2078549,2078677,-
yoeF,2078575,2078931,+
yoeG,2067360,2067892,-
yoeH,2068261,2068419,-
yoeI,2087052,2087114,-
yoeJ,2079427,2079477,-
yohC,2225044,2225631,-
yohD,2225801,2226379,+
yohF,2226509,2227270,-
yohJ,2230624,2231022,+
yohK,2231019,2231714,+
yohO,2215657,2215764,+
yohP,2228982,2229065,+
yojI,2306972,2308615,-
yojO,2303606,2303770,+
ypaA,2357816,2358001,+
ypaB,2344594,2344737,-
ypdC,2501130,2501987,+
ypdE,2504510,2505547,-
ypdF,2505547,2506632,-
ypdI,2494698,2494973,+
ypdJ,2476094,2476234,+
ypdK,2496921,2496992,+
ypeA,2551713,2552138,-
ypeB,2527941,2528159,-
ypeC,2511001,2511327,+
ypeD,2512687,2512776,-
ypfG,2581734,2582777,-
ypfH,2593072,2593770,-
ypfJ,2595874,2596737,-
ypfM,2590807,2590866,-
ypfN,2592762,2592962,+
yphA,2673346,2673768,+
yphB,2673816,2674688,-
yphC,2674700,2675761,-
yphD,2675827,2676825,-
yphE,2676850,2678361,-
yphF,2678384,2679367,-
yphG,2679464,2682745,-
yphH,2682863,2684056,+
ypjA,2778146,2782726,-
ypjB,2783638,2784429,-
ypjC,2784529,2785011,-
ypjD,2747962,2748753,+
ypjF,2777453,2777782,+
ypjI,2775545,2775816,+
ypjJ,2776877,2777077,+
ypjK,2770445,2770681,+
yqaA,2816512,2816940,-
yqaB,2816937,2817503,-
yqaE,2796870,2797028,-
yqcA,2922535,2922984,-
yqcC,2923784,2924113,-
yqcE,2900592,2901869,+
yqcG,2905557,2905697,+
yqeA,3011461,3012393,+
yqeB,3012614,3014239,-
yqeC,3014287,3015057,-
yqeF,2984411,2985592,-
yqeG,2985847,2987076,+
yqeH,2987536,2988168,+
yqeI,2988502,2989311,+
yqeJ,2989304,2989786,+
yqeK,2989935,2990360,-
yqeL,2989819,2989899,-
yqfA,3042489,3043148,-
yqfB,3043312,3043623,-
yqfE,3059381,3059611,-
yqfG,3032817,3032942,+
yqfH,3032939,3033010,-
yqfI,3050958,3051041,+
yqgA,3109553,3110260,+
yqgB,3085920,3086051,-
yqgC,3086187,3086402,+
yqgD,3086399,3086650,-
yqgE,3092937,3093500,+
yqgF,3093500,3093916,+
yqgG,3086145,3086288,-
yqgH,3109317,3109400,-
yqhA,3148977,3149471,-
yqhC,3154262,3155218,-
yqhD,3155355,3156518,+
yqhG,3157650,3158576,+
yqhH,3158627,3158884,+
yqhI,3147597,3147740,-
yqhJ,3111266,3111325,+
yqiA,3175425,3176006,-
yqiB,3176858,3177280,-
yqiD,3183381,3183551,-
yqiG,3186025,3189865,+
yqiH,3189881,3190630,+
yqiI,3190632,3191696,+
yqiJ,3192208,3192837,+
yqiK,3192864,3194525,+
yqiM,3247668,3247751,+
yqjA,3247773,3248435,+
yqjC,3248969,3249337,+
yqjD,3249375,3249680,+
yqjE,3249683,3250087,+
yqjF,3250562,3250954,+
yqjG,3251024,3252010,+
yqjK,3250077,3250376,+
yraH,3287426,3288010,+
yraI,3288090,3288785,+
yraJ,3288814,3291330,+
yraK,3291341,3292432,+
yraN,3295394,3295789,+
yraQ,3297098,3298138,-
yraR,3298211,3298846,-
yrbG,3340275,3341252,+
yrbL,3348452,3349084,+
yrbN,3307853,3307933,-
yrdA,3429236,3429790,+
yrdB,3429766,3430023,-
yrdD,3431420,3431962,-
yrdE,3404638,3405031,+
yrdF,3404495,3404637,+
yrfG,3528669,3529337,+
yrfJ,3490132,3490185,-
yrhA,3583038,3584309,+
yrhB,3584759,3585043,+
yrhC,3623887,3624132,+
yrhD,3584404,3584559,+
yriA,3640612,3640686,-
yriB,3640643,3640696,-
ysaA,3741109,3741582,-
ysaB,3725413,3725712,-
ysaC,3750813,3750914,-
ysaD,3750918,3751109,+
ysaE,3720400,3720471,+
ysdD,3884026,3884106,+
ysdE,3853766,3853840,-
ysgA,4015354,4016169,-
ysgD,4001218,4001274,+
yshB,4053647,4053757,-
ytcA,4304128,4304403,-
ytcB,4287611,4287667,+
ytfA,4427694,4428095,+
ytfB,4428079,4428717,-
ytfE,4431321,4431983,-
ytfF,4432091,4433056,-
ytfH,4434113,4434493,+
ytfI,4437707,4438645,+
ytfJ,4438708,4439262,-
ytfK,4439587,4439793,+
ytfP,4447894,4448235,+
ytfQ,4449962,4450918,+
ytfR,4451058,4452560,+
ytfT,4452571,4453596,+
ytgA,4486105,4486155,+
ytgB,4486043,4486099,+
ythA,4506448,4506573,+
ythB,4536597,4536695,+
ytiA,4563668,4563925,-
ytiB,391592,391648,-
ytiC,4556574,4556675,+
ytiD,4556654,4556797,+
ytiE,4568692,4568727,-
ytjA,4612128,4612289,+
ytjB,4624145,4624789,-
ytjC,4633797,4634444,+
ytjE,4640718,4640771,+
yzcX,3993850,3994335,+
yzgL,3563724,3564005,-
zapA,3055612,3055941,+
zapB,4118515,4118760,+
zapC,1005952,1006494,+
zapD,111856,112599,-
zapE,3378870,3379997,-
zapG,3380191,3380589,+
zbiJ,837435,837531,-
zinT,2041375,2042025,+
zipA,2530247,2531233,-
zitB,783882,784823,-
zntA,3606451,3608649,+
zntB,1408050,1409033,+
zntR,3438705,3439130,-
znuA,1941651,1942583,-
znuB,1943414,1944199,+
znuC,1942662,1943417,+
zraP,4201263,4201688,-
zraR,4203320,4204645,+
zraS,4201926,4203323,+
zupT,3182550,3183323,+
zur,4259488,4260003,-
zwf,1934839,1936314,-
